ZANSKAR SECURITIES PRIVATE LIMITED,,,,,,,,,,,,,,,,,,
Derivative Net Position As On 23-02-2026 Exchange : NSE Segment : ALL,,,,,,,,,,,,,,,,,,
,,,,,,,,,,,,,,,,,,
Exchange,Segment,Instrument,Symbol,Expiry Date,Strike Price,Option Type,Buy Quantity,Buy Average,Buy Value,Sell Quantity,Sell Average,Sell Value,Net Quantity,Net Value,Average Rate,Close Rate,MTM,Closing Value
OWN - OWN CODE,,,,,,,,,,,,,,,,,,
MCX,COM,OPTFUT,CRUDEOIL,17/03/2026,5200,PE,1100,52.57,57830,300,52.50,15750,800,-42080,52.6,0,-42080,0
MCX,COM,OPTFUT,CRUDEOIL,17/03/2026,5250,PE,800,56.89,45510,400,59.50,23800,400,-21710,54.28,0,-21710,0
MCX,COM,OPTFUT,CRUDEOIL,17/03/2026,5300,PE,700,63.66,44560,100,67.10,6710,600,-37850,63.08,0,-37850,0
MCX,COM,OPTFUT,CRUDEOIL,17/03/2026,5350,PE,1200,73.69,88430,100,76.30,7630,1100,-80800,73.45,0,-80800,0
MCX,COM,OPTFUT,CRUDEOIL,17/03/2026,5400,PE,1200,82.13,98550,0,0.00,0,1200,-98550,82.13,0,-98550,0
MCX,COM,OPTFUT,CRUDEOIL,17/03/2026,5450,PE,1600,93.68,149890,0,0.00,0,1600,-149890,93.68,0,-149890,0
MCX,COM,OPTFUT,CRUDEOIL,17/03/2026,5500,PE,1800,105.35,189630,0,0.00,0,1800,-189630,105.35,0,-189630,0
MCX,COM,OPTFUT,CRUDEOIL,17/03/2026,5550,PE,1000,122.01,122010,0,0.00,0,1000,-122010,122.01,0,-122010,0
MCX,COM,OPTFUT,CRUDEOIL,17/03/2026,5600,PE,1000,139.26,139260,0,0.00,0,1000,-139260,139.26,0,-139260,0
MCX,COM,OPTFUT,CRUDEOIL,17/03/2026,5650,PE,400,160.90,64360,100,153.50,15350,300,-49010,163.37,0,-49010,0
MCX,COM,OPTFUT,CRUDEOIL,17/03/2026,5700,PE,200,188.90,37780,0,0.00,0,200,-37780,188.9,0,-37780,0
MCX,COM,OPTFUT,CRUDEOIL,17/03/2026,5750,PE,200,206.15,41230,0,0.00,0,200,-41230,206.15,0,-41230,0
MCX,COM,OPTFUT,CRUDEOIL,17/03/2026,5800,PE,0,0.00,0,600,230.48,138290,-600,138290,230.48,0,138290,0
MCX,COM,OPTFUT,CRUDEOIL,17/03/2026,5850,PE,0,0.00,0,600,250.92,150550,-600,150550,250.92,0,150550,0
MCX,COM,OPTFUT,CRUDEOIL,17/03/2026,5900,PE,0,0.00,0,500,284.32,142160,-500,142160,284.32,0,142160,0
MCX,COM,OPTFUT,CRUDEOIL,17/03/2026,5950,CE,0,0.00,0,200,372.15,74430,-200,74430,372.15,0,74430,0
MCX,COM,OPTFUT,CRUDEOIL,17/03/2026,5950,PE,0,0.00,0,1000,311.94,311940,-1000,311940,311.94,0,311940,0
MCX,COM,OPTFUT,CRUDEOIL,17/03/2026,6000,CE,300,371.70,111510,500,370.80,185400,-200,73890,369.45,0,73890,0
MCX,COM,OPTFUT,CRUDEOIL,17/03/2026,6000,PE,0,0.00,0,900,328.31,295480,-900,295480,328.31,0,295480,0
MCX,COM,OPTFUT,CRUDEOIL,17/03/2026,6050,CE,400,349.25,139700,1000,361.15,361150,-600,221450,369.08,0,221450,0
MCX,COM,OPTFUT,CRUDEOIL,17/03/2026,6050,PE,0,0.00,0,1300,360.98,469270,-1300,469270,360.98,0,469270,0
MCX,COM,OPTFUT,CRUDEOIL,17/03/2026,6100,CE,200,328.10,65620,900,342.87,308580,-700,242960,347.09,0,242960,0
MCX,COM,OPTFUT,CRUDEOIL,17/03/2026,6100,PE,100,385.80,38580,800,383.91,307130,-700,268550,383.64,0,268550,0
MCX,COM,OPTFUT,CRUDEOIL,17/03/2026,6150,CE,0,0.00,0,700,328.13,229690,-700,229690,328.13,0,229690,0
MCX,COM,OPTFUT,CRUDEOIL,17/03/2026,6150,PE,0,0.00,0,200,394.40,78880,-200,78880,394.4,0,78880,0
MCX,COM,OPTFUT,CRUDEOIL,17/03/2026,6200,CE,0,0.00,0,900,307.27,276540,-900,276540,307.27,0,276540,0
MCX,COM,OPTFUT,CRUDEOIL,17/03/2026,6250,CE,100,278.10,27810,900,294.79,265310,-800,237500,296.88,0,237500,0
MCX,COM,OPTFUT,CRUDEOIL,17/03/2026,6300,CE,0,0.00,0,900,284.74,256270,-900,256270,284.74,0,256270,0
MCX,COM,OPTFUT,CRUDEOIL,17/03/2026,6350,CE,200,251.35,50270,500,275.44,137720,-300,87450,291.5,0,87450,0
MCX,COM,OPTFUT,CRUDEOIL,17/03/2026,6400,CE,0,0.00,0,300,263.20,78960,-300,78960,263.2,0,78960,0
MCX,COM,OPTFUT,CRUDEOIL,17/03/2026,6450,CE,0,0.00,0,200,243.90,48780,-200,48780,243.9,0,48780,0
MCX,COM,OPTFUT,CRUDEOIL,17/03/2026,6500,CE,0,0.00,0,600,230.27,138160,-600,138160,230.27,0,138160,0
MCX,COM,OPTFUT,CRUDEOIL,17/03/2026,6550,CE,300,209.53,62860,300,219.73,65920,0,3060,0,0,3060,0
MCX,COM,OPTFUT,CRUDEOIL,17/03/2026,6600,CE,300,207.10,62130,100,205.10,20510,200,-41620,208.1,0,-41620,0
MCX,COM,OPTFUT,CRUDEOIL,17/03/2026,6650,CE,600,192.62,115570,200,195.60,39120,400,-76450,191.13,0,-76450,0
MCX,COM,OPTFUT,CRUDEOIL,17/03/2026,6700,CE,1000,194.43,194430,400,193.73,77490,600,-116940,194.9,0,-116940,0
MCX,COM,OPTFUT,CRUDEOIL,17/03/2026,6750,CE,800,183.19,146550,100,185.20,18520,700,-128030,182.9,0,-128030,0
MCX,COM,OPTFUT,CRUDEOIL,17/03/2026,6800,CE,1200,177.32,212780,500,178.40,89200,700,-123580,176.54,0,-123580,0
MCX,COM,OPTFUT,CRUDEOIL,17/03/2026,6850,CE,900,169.69,152720,0,0.00,0,900,-152720,169.69,0,-152720,0
MCX,COM,OPTFUT,CRUDEOIL,17/03/2026,6900,CE,1300,163.25,212220,500,165.04,82520,800,-129700,162.13,0,-129700,0
MCX,COM,OPTFUT,CRUDEOIL,17/03/2026,6950,CE,1000,157.55,157550,300,156.30,46890,700,-110660,158.09,0,-110660,0
MCX,COM,OPTFUT,CRUDEOIL,17/03/2026,7000,CE,2100,154.37,324180,800,147.74,118190,1300,-205990,158.45,0,-205990,0
MCX,COM,OPTFUT,CRUDEOIL,17/03/2026,7050,CE,400,153.58,61430,0,0.00,0,400,-61430,153.58,0,-61430,0
MCX,COM,FUTCOM,SILVERM,27/02/2026,0,FF,160,194176.75,31068280,160,196693.34,31470935,0,402655,0,0,402655,0
NSE,FNO,FUTSTK,ADANIENT,24/02/2026,0,FF,4635,2164.23,10031190.6,4635,2162.41,10022785.8,0,-8404.8,0,2195.6,-8404.8,0
NSE,FNO,FUTSTK,APOLLOHOSP,24/02/2026,0,FF,750,7285.00,5463750,750,7315.00,5486250,0,22500,0,7676,22500,0
NSE,FNO,FUTSTK,ASIANPAINT,24/02/2026,0,FF,750,2408.80,1806600,750,2408.17,1806125,0,-475,0,2428.2,-475,0
NSE,FNO,FUTSTK,AXISBANK,24/02/2026,0,FF,16875,1357.49,22907687.5,16875,1356.04,22883250,0,-24437.5,0,1382.8,-24437.5,0
NSE,FNO,FUTSTK,BAJFINANCE,24/02/2026,0,FF,15000,995.17,14927512.5,15000,994.44,14916600,0,-10912.5,0,1027.65,-10912.5,0
NSE,FNO,OPTIDX,BANKNIFTY,24/02/2026,56300,PE,180,5.81,1045.5,180,5.93,1066.5,0,21,0,5.8,21,0
NSE,FNO,OPTIDX,BANKNIFTY,24/02/2026,56700,PE,6240,16.22,101229,6240,16.19,101016,0,-213,0,6.75,-213,0
NSE,FNO,OPTIDX,BANKNIFTY,24/02/2026,57100,PE,180,16.47,2964,180,16.09,2896.5,0,-67.5,0,7.4,-67.5,0
NSE,FNO,OPTIDX,BANKNIFTY,24/02/2026,58900,PE,180,21.68,3903,180,21.93,3946.5,0,43.5,0,14.25,43.5,0
NSE,FNO,OPTIDX,BANKNIFTY,24/02/2026,59000,PE,30,38.10,1143,30,42.15,1264.5,0,121.5,0,15.4,121.5,0
NSE,FNO,OPTIDX,BANKNIFTY,24/02/2026,59200,PE,60,39.10,2346,60,50.48,3028.5,0,682.5,0,17.3,682.5,0
NSE,FNO,OPTIDX,BANKNIFTY,24/02/2026,59300,PE,60,43.85,2631,60,55.35,3321,0,690,0,18.2,690,0
NSE,FNO,OPTIDX,BANKNIFTY,24/02/2026,59400,PE,90,45.77,4119,90,61.35,5521.5,0,1402.5,0,19.15,1402.5,0
NSE,FNO,OPTIDX,BANKNIFTY,24/02/2026,59500,PE,120,48.65,5838,120,66.46,7975.5,0,2137.5,0,20.05,2137.5,0
NSE,FNO,OPTIDX,BANKNIFTY,24/02/2026,59600,PE,60,52.35,3141,60,65.58,3934.5,0,793.5,0,21.8,793.5,0
NSE,FNO,OPTIDX,BANKNIFTY,24/02/2026,59700,PE,150,55.75,8362.5,150,76.02,11403,0,3040.5,0,23.5,3040.5,0
NSE,FNO,OPTIDX,BANKNIFTY,24/02/2026,59800,PE,180,68.38,12307.5,180,75.31,13555.5,0,1248,0,25.35,1248,0
NSE,FNO,OPTIDX,BANKNIFTY,24/02/2026,59900,PE,240,77.08,18499.5,240,78.31,18795,0,295.5,0,27.15,295.5,0
NSE,FNO,OPTIDX,BANKNIFTY,24/02/2026,60000,CE,300,1143.15,342945,300,1160.95,348285,0,5340,0,1265.95,5340,0
NSE,FNO,OPTIDX,BANKNIFTY,24/02/2026,60000,PE,19950,75.20,1500298.5,19950,77.49,1545988.5,0,45690,0,29.65,45690,0
NSE,FNO,OPTIDX,BANKNIFTY,24/02/2026,60100,PE,720,83.24,59934,720,96.78,69684,0,9750,0,33,9750,0
NSE,FNO,OPTIDX,BANKNIFTY,24/02/2026,60200,PE,570,84.64,48243,570,110.36,62904,0,14661,0,35.8,14661,0
NSE,FNO,OPTIDX,BANKNIFTY,24/02/2026,60300,PE,6210,108.24,672183,6210,114.06,708334.5,0,36151.5,0,40.25,36151.5,0
NSE,FNO,OPTIDX,BANKNIFTY,24/02/2026,60400,PE,1650,132.99,219441,1650,137.63,227086.5,0,7645.5,0,45.55,7645.5,0
NSE,FNO,OPTIDX,BANKNIFTY,24/02/2026,60500,CE,30,496.45,14893.5,30,426.60,12798,0,-2095.5,0,786.15,-2095.5,0
NSE,FNO,OPTIDX,BANKNIFTY,24/02/2026,60500,PE,11130,118.45,1318402.5,11130,116.10,1292199,0,-26203.5,0,52.9,-26203.5,0
NSE,FNO,OPTIDX,BANKNIFTY,24/02/2026,60600,CE,3360,686.28,2305893,3360,694.14,2332311,0,26418,0,689.1,26418,0
NSE,FNO,OPTIDX,BANKNIFTY,24/02/2026,60600,PE,9330,223.96,2089564.5,9330,204.14,1904656.5,0,-184908,0,62.2,-184908,0
NSE,FNO,OPTIDX,BANKNIFTY,24/02/2026,60700,CE,2070,732.50,1516270.5,2070,717.84,1485931.5,0,-30339,0,608.55,-30339,0
NSE,FNO,OPTIDX,BANKNIFTY,24/02/2026,60700,PE,12900,214.35,2765098.5,12900,196.07,2529268.5,0,-235830,0,73.35,-235830,0
NSE,FNO,OPTIDX,BANKNIFTY,24/02/2026,60800,CE,12600,488.23,6151638,12600,476.75,6007062,0,-144576,0,521.2,-144576,0
NSE,FNO,OPTIDX,BANKNIFTY,24/02/2026,60800,PE,18930,218.52,4136665.5,18930,223.98,4239870,0,103204.5,0,90.15,103204.5,0
NSE,FNO,OPTIDX,BANKNIFTY,24/02/2026,60900,CE,9060,503.14,4558486.5,9060,469.91,4257394.5,0,-301092,0,442.75,-301092,0
NSE,FNO,OPTIDX,BANKNIFTY,24/02/2026,60900,PE,75030,202.89,15223101,75030,209.33,15705988.5,0,482887.5,0,111.4,482887.5,0
NSE,FNO,OPTIDX,BANKNIFTY,24/02/2026,61000,CE,9330,202.01,1884721.5,9330,210.49,1963882.5,0,79161,0,372.35,79161,0
NSE,FNO,OPTIDX,BANKNIFTY,24/02/2026,61000,PE,96330,219.82,21175438.5,96330,212.40,20460238.5,0,-715200,0,139.1,-715200,0
NSE,FNO,OPTIDX,BANKNIFTY,24/02/2026,61100,CE,7500,358.10,2685748.5,7500,330.71,2480305.5,0,-205443,0,304.9,-205443,0
NSE,FNO,OPTIDX,BANKNIFTY,24/02/2026,61100,PE,18960,263.57,4997278.5,18960,251.93,4776565.5,0,-220713,0,172.5,-220713,0
NSE,FNO,OPTIDX,BANKNIFTY,24/02/2026,61200,CE,51300,331.29,16995333,51300,324.42,16642591.5,0,-352741.5,0,246.65,-352741.5,0
NSE,FNO,OPTIDX,BANKNIFTY,24/02/2026,61200,PE,18570,286.65,5323129.5,18570,270.95,5031540,0,-291589.5,0,214.65,-291589.5,0
NSE,FNO,OPTIDX,BANKNIFTY,24/02/2026,61300,CE,83340,219.99,18333993,83340,214.43,17870271,0,-463722,0,196.05,-463722,0
NSE,FNO,OPTIDX,BANKNIFTY,24/02/2026,61300,PE,13410,310.49,4163614.5,13410,379.88,5094138,0,930523.5,0,262.6,930523.5,0
NSE,FNO,OPTIDX,BANKNIFTY,24/02/2026,61400,CE,41760,167.72,7003923,41760,185.77,7757952,0,754029,0,154.6,754029,0
NSE,FNO,OPTIDX,BANKNIFTY,24/02/2026,61400,PE,7140,326.55,2331582,7140,314.68,2246820,0,-84762,0,319.9,-84762,0
NSE,FNO,OPTIDX,BANKNIFTY,24/02/2026,61500,CE,128160,157.15,20140830,128160,174.10,22312734,0,2171904,0,118.85,2171904,0
NSE,FNO,OPTIDX,BANKNIFTY,24/02/2026,61500,PE,12600,372.58,4694532,12600,344.04,4334889,0,-359643,0,387.15,-359643,0
NSE,FNO,OPTIDX,BANKNIFTY,24/02/2026,61600,CE,32880,139.42,4584076.5,32880,159.16,5233306.5,0,649230,0,90.5,649230,0
NSE,FNO,OPTIDX,BANKNIFTY,24/02/2026,61600,PE,1470,462.80,680310,1470,571.19,839656.5,0,159346.5,0,457.9,159346.5,0
NSE,FNO,OPTIDX,BANKNIFTY,24/02/2026,61700,CE,16800,144.17,2421996,16800,152.47,2561452.5,0,139456.5,0,69.15,139456.5,0
NSE,FNO,OPTIDX,BANKNIFTY,24/02/2026,61700,PE,30,476.40,14292,30,448.50,13455,0,-837,0,537.7,-837,0
NSE,FNO,OPTIDX,BANKNIFTY,24/02/2026,61800,CE,28890,104.12,3008017.5,28890,102.73,2967769.5,0,-40248,0,54.4,-40248,0
NSE,FNO,OPTIDX,BANKNIFTY,24/02/2026,61900,CE,36900,111.15,4101444,36900,106.37,3924976.5,0,-176467.5,0,42.2,-176467.5,0
NSE,FNO,OPTIDX,BANKNIFTY,24/02/2026,62000,CE,55290,86.87,4802949,55290,90.60,5009070,0,206121,0,32.7,206121,0
NSE,FNO,OPTIDX,BANKNIFTY,24/02/2026,62000,PE,240,912.97,219112.5,240,916.89,220053,0,940.5,0,796.8,940.5,0
NSE,FNO,OPTIDX,BANKNIFTY,24/02/2026,62100,CE,1080,55.87,60342,1080,75.08,81090,0,20748,0,26.55,20748,0
NSE,FNO,OPTIDX,BANKNIFTY,24/02/2026,62100,PE,540,826.08,446085,540,831.94,449248.5,0,3163.5,0,898.95,3163.5,0
NSE,FNO,OPTIDX,BANKNIFTY,24/02/2026,62200,CE,600,47.31,28386,600,72.78,43666.5,0,15280.5,0,22.2,15280.5,0
NSE,FNO,OPTIDX,BANKNIFTY,24/02/2026,62200,PE,1320,984.40,1299403.5,1320,1004.67,1326168,0,26764.5,0,990.15,26764.5,0
NSE,FNO,OPTIDX,BANKNIFTY,24/02/2026,62300,CE,4650,42.42,197275.5,4650,53.03,246588,0,49312.5,0,18.85,49312.5,0
NSE,FNO,OPTIDX,BANKNIFTY,24/02/2026,62400,CE,300,40.71,12213,300,51.43,15429,0,3216,0,15.9,3216,0
NSE,FNO,OPTIDX,BANKNIFTY,24/02/2026,62500,CE,4980,56.71,282411,4980,51.50,256494,0,-25917,0,13.35,-25917,0
NSE,FNO,OPTIDX,BANKNIFTY,24/02/2026,62600,CE,210,31.30,6573,210,38.85,8158.5,0,1585.5,0,12.2,1585.5,0
NSE,FNO,OPTIDX,BANKNIFTY,24/02/2026,62700,CE,90,31.45,2830.5,90,33.40,3006,0,175.5,0,10.45,175.5,0
NSE,FNO,OPTIDX,BANKNIFTY,24/02/2026,62800,CE,30,18.80,564,30,28.00,840,0,276,0,9.5,276,0
NSE,FNO,OPTIDX,BANKNIFTY,24/02/2026,62900,CE,30,17.45,523.5,30,24.05,721.5,0,198,0,8.8,198,0
NSE,FNO,OPTIDX,BANKNIFTY,24/02/2026,63000,CE,30,23.65,709.5,30,21.90,657,0,-52.5,0,7.95,-52.5,0
NSE,FNO,OPTIDX,BANKNIFTY,24/02/2026,63000,PE,1440,1928.02,2776347,1440,1885.06,2714481,0,-61866,0,1778.3,-61866,0
NSE,FNO,OPTIDX,BANKNIFTY,24/02/2026,63100,CE,270,17.46,4714.5,270,17.09,4615.5,0,-99,0,7.2,-99,0
NSE,FNO,OPTIDX,BANKNIFTY,24/02/2026,64300,CE,2880,7.11,20473.5,2880,7.64,22011,0,1537.5,0,3.25,1537.5,0
NSE,FNO,FUTSTK,BEL,24/02/2026,0,FF,66975,422.66,28307340,66975,423.64,28373032.5,0,65692.5,0,438.75,65692.5,0
NSE,FNO,FUTSTK,BHARTIARTL,24/02/2026,0,FF,950,1954.35,1856632.5,475,1928.70,916132.5,475,-940500,1980,1993.8,6555,947055
NSE,FNO,FUTSTK,CIPLA,24/02/2026,0,FF,2250,1319.90,2969775,2250,1320.00,2970000,0,225,0,1322.9,225,0
NSE,FNO,FUTSTK,COALINDIA,24/02/2026,0,FF,10800,417.89,4513185,10800,419.71,4532895,0,19710,0,425.25,19710,0
NSE,FNO,FUTSTK,EICHERMOT,24/02/2026,0,FF,200,8111.25,1622250,200,8012.00,1602400,0,-19850,0,8024,-19850,0
NSE,FNO,FUTSTK,ETERNAL,24/02/2026,0,FF,19400,279.26,5417692.5,19400,277.80,5389320,0,-28372.5,0,267.95,-28372.5,0
NSE,FNO,FUTSTK,HCLTECH,24/02/2026,0,FF,4550,1555.44,7077245,4550,1555.62,7078085,0,840,0,1425.4,840,0
NSE,FNO,FUTSTK,HDFCBANK,24/02/2026,0,FF,2200,938.61,2064947.5,2200,938.94,2065662.5,0,715,0,923.9,715,0
NSE,FNO,FUTSTK,HINDALCO,24/02/2026,0,FF,1400,908.18,1271445,1400,976.60,1367240,0,95795,0,913.3,95795,0
NSE,FNO,FUTSTK,HINDUNILVR,24/02/2026,0,FF,23400,2426.19,56772840,23400,2434.85,56975580,0,202740,0,2343,202740,0
NSE,FNO,FUTSTK,INDIGO,24/02/2026,0,FF,450,4964.00,2233800,450,4985.07,2243280,0,9480,0,4854.3,9480,0
NSE,FNO,FUTSTK,INFY,24/02/2026,0,FF,11600,1428.44,16569880,11600,1428.17,16566800,0,-3080,0,1326.6,-3080,0
NSE,FNO,FUTSTK,ITC,24/02/2026,0,FF,24000,321.14,7707280,24000,321.25,7710000,0,2720,0,325.5,2720,0
NSE,FNO,FUTSTK,JIOFIN,24/02/2026,0,FF,21150,242.23,5123235,21150,241.87,5115480,0,-7755,0,257.45,-7755,0
NSE,FNO,FUTSTK,JSWSTEEL,24/02/2026,0,FF,1350,1230.20,1660770,1350,1218.65,1645177.5,0,-15592.5,0,1237.7,-15592.5,0
NSE,FNO,FUTSTK,KOTAKBANK,24/02/2026,0,FF,14000,413.54,5789600,14000,413.26,5785700,0,-3900,0,429.7,-3900,0
NSE,FNO,FUTSTK,LT,24/02/2026,0,FF,1925,3883.41,7475562.5,1925,3882.42,7473655,0,-1907.5,0,4400.2,-1907.5,0
NSE,FNO,FUTSTK,M&M,24/02/2026,0,FF,3600,3420.23,12312820,3600,3408.23,12269640,0,-43180,0,3440.1,-43180,0
NSE,FNO,FUTSTK,MARUTI,24/02/2026,0,FF,500,14722.10,7361050,500,14682.00,7341000,0,-20050,0,15027,-20050,0
NSE,FNO,FUTSTK,NESTLEIND,24/02/2026,0,FF,3500,1277.04,4469650,3500,1274.33,4460150,0,-9500,0,1312.3,-9500,0
NSE,FNO,FUTIDX,NIFTY,24/02/2026,0,FF,455,25986.47,11823844.5,455,25968.59,11815706.5,0,-8138,0,25705.2,-8138,0
NSE,FNO,OPTIDX,NIFTY,24/02/2026,23300,PE,1495,45.34,67778.75,1495,12.11,18109,0,-49669.75,0,1.4,-49669.75,0
NSE,FNO,OPTIDX,NIFTY,24/02/2026,23400,PE,195,54.15,10559.25,195,50.97,9938.5,0,-620.75,0,1.5,-620.75,0
NSE,FNO,OPTIDX,NIFTY,24/02/2026,23500,PE,195,15.48,3019.25,195,84.03,16386.5,0,13367.25,0,1.55,13367.25,0
NSE,FNO,OPTIDX,NIFTY,24/02/2026,23550,PE,65,41.00,2665,65,25.85,1680.25,0,-984.75,0,1.55,-984.75,0
NSE,FNO,OPTIDX,NIFTY,24/02/2026,23600,PE,390,42.49,16571.75,390,62.83,24501.75,0,7930,0,1.65,7930,0
NSE,FNO,OPTIDX,NIFTY,24/02/2026,23650,PE,585,41.17,24082.5,585,24.96,14602.25,0,-9480.25,0,1.75,-9480.25,0
NSE,FNO,OPTIDX,NIFTY,24/02/2026,23700,PE,1625,45.30,73615.75,1625,44.24,71890,0,-1725.75,0,1.75,-1725.75,0
NSE,FNO,OPTIDX,NIFTY,24/02/2026,23750,PE,3250,54.86,178282,3250,39.75,129177.75,0,-49104.25,0,1.8,-49104.25,0
NSE,FNO,OPTIDX,NIFTY,24/02/2026,23800,PE,2275,43.53,99034,2275,48.68,110737.25,0,11703.25,0,1.85,11703.25,0
NSE,FNO,OPTIDX,NIFTY,24/02/2026,23850,PE,2015,42.93,86498.75,2015,36.05,72647.25,0,-13851.5,0,1.95,-13851.5,0
NSE,FNO,OPTIDX,NIFTY,24/02/2026,23900,PE,4225,47.58,201038.5,4225,53.18,224688.75,0,23650.25,0,1.9,23650.25,0
NSE,FNO,OPTIDX,NIFTY,24/02/2026,23950,PE,6565,24.57,161304,6565,19.14,125641.75,0,-35662.25,0,2.1,-35662.25,0
NSE,FNO,OPTIDX,NIFTY,24/02/2026,24000,PE,10140,25.78,261374.75,10140,26.16,265252,0,3877.25,0,2.2,3877.25,0
NSE,FNO,OPTIDX,NIFTY,24/02/2026,24050,PE,8060,15.59,125619,8060,13.17,106115.75,0,-19503.25,0,2.25,-19503.25,0
NSE,FNO,OPTIDX,NIFTY,24/02/2026,24100,PE,12025,13.95,167742.25,12025,12.70,152730.5,0,-15011.75,0,2.4,-15011.75,0
NSE,FNO,OPTIDX,NIFTY,24/02/2026,24150,PE,12610,10.88,137250.75,12610,10.60,133649.75,0,-3601,0,2.5,-3601,0
NSE,FNO,OPTIDX,NIFTY,24/02/2026,24200,PE,16575,11.09,183885,16575,11.32,187635.5,0,3750.5,0,2.6,3750.5,0
NSE,FNO,OPTIDX,NIFTY,24/02/2026,24250,PE,15340,10.12,155187.5,15340,9.14,140260.25,0,-14927.25,0,2.7,-14927.25,0
NSE,FNO,OPTIDX,NIFTY,24/02/2026,24300,PE,17225,10.88,187408,17095,10.52,179851.75,130,-7556.25,58.13,2.85,-7185.75,370.5
NSE,FNO,OPTIDX,NIFTY,24/02/2026,24350,PE,14170,13.37,189504.25,13325,11.76,156679.25,845,-32825,38.85,3.05,-30247.75,2577.25
NSE,FNO,OPTIDX,NIFTY,24/02/2026,24400,PE,18005,13.98,251686.5,16575,16.27,269629.75,1430,17943.25,-12.55,3.15,22447.75,4504.5
NSE,FNO,OPTIDX,NIFTY,24/02/2026,24450,PE,15145,24.64,373230,13910,17.09,237672.5,1235,-135557.5,109.76,3.45,-131296.75,4260.75
NSE,FNO,OPTIDX,NIFTY,24/02/2026,24500,PE,19305,19.48,375976.25,18265,18.38,335679.5,1040,-40296.75,38.75,3.8,-36344.75,3952
NSE,FNO,OPTIDX,NIFTY,24/02/2026,24550,PE,13585,16.07,218377.25,12740,23.14,294778.25,845,76401,-90.42,4.05,79823.25,3422.25
NSE,FNO,OPTIDX,NIFTY,24/02/2026,24600,CE,195,488.60,95277,195,436.65,85146.75,0,-10130.25,0,1111.3,-10130.25,0
NSE,FNO,OPTIDX,NIFTY,24/02/2026,24600,PE,13260,17.60,233411.75,12545,30.95,388219,715,154807.25,-216.51,4.3,157881.75,3074.5
NSE,FNO,OPTIDX,NIFTY,24/02/2026,24650,CE,130,491.80,63934,130,419.08,54479.75,0,-9454.25,0,1062.6,-9454.25,0
NSE,FNO,OPTIDX,NIFTY,24/02/2026,24650,PE,12155,19.89,241702.5,11635,32.30,375856,520,134153.5,-257.99,4.75,136623.5,2470
NSE,FNO,OPTIDX,NIFTY,24/02/2026,24700,CE,1820,880.93,1603283.5,1885,673.37,1269303.75,-65,-333979.75,-5138.15,1009.35,-399587.5,-65607.75
NSE,FNO,OPTIDX,NIFTY,24/02/2026,24700,PE,29965,19.30,578227,29510,25.33,747574.75,455,169347.75,-372.19,5.15,171691,2343.25
NSE,FNO,OPTIDX,NIFTY,24/02/2026,24750,CE,65,1161.00,75465,65,438.35,28492.75,0,-46972.25,0,956.8,-46972.25,0
NSE,FNO,OPTIDX,NIFTY,24/02/2026,24750,PE,13520,30.38,410780.5,13325,41.51,553166.25,195,142385.75,-730.18,5.75,143507,1121.25
NSE,FNO,OPTIDX,NIFTY,24/02/2026,24800,CE,4095,759.56,3110383.25,5915,637.58,3771300,-1820,660916.75,363.14,912.55,-999924.25,-1660841
NSE,FNO,OPTIDX,NIFTY,24/02/2026,24800,PE,21515,20.76,446621.5,20020,42.33,847460.25,1495,400838.75,-268.12,6.1,409958.25,9119.5
NSE,FNO,OPTIDX,NIFTY,24/02/2026,24850,CE,65,348.75,22668.75,455,393.99,179263.5,-390,156594.75,401.53,857.7,-177908.25,-334503
NSE,FNO,OPTIDX,NIFTY,24/02/2026,24850,PE,12740,25.23,321477,12285,39.24,482072.5,455,160595.5,-352.96,6.65,163621.25,3025.75
NSE,FNO,OPTIDX,NIFTY,24/02/2026,24900,CE,10010,634.89,6355206,10270,638.25,6554782,-260,199576,767.6,816.2,-12636,-212212
NSE,FNO,OPTIDX,NIFTY,24/02/2026,24900,PE,25285,24.71,624705.25,24050,37.46,900861,1235,276155.75,-223.61,7.15,284986,8830.25
NSE,FNO,OPTIDX,NIFTY,24/02/2026,24950,CE,325,729.96,237237,910,397.40,361637.25,-585,124400.25,212.65,759.3,-319790.25,-444190.5
NSE,FNO,OPTIDX,NIFTY,24/02/2026,24950,PE,15665,30.49,477698,15925,32.78,522021.5,-260,44323.5,170.48,7.75,42308.5,-2015
NSE,FNO,OPTIDX,NIFTY,24/02/2026,25000,CE,37375,656.36,24531276.25,41340,628.26,25972066.25,-3965,1440790,363.38,718.65,-1408657.25,-2849447.25
NSE,FNO,OPTIDX,NIFTY,24/02/2026,25000,PE,67990,23.39,1590439.5,64480,26.72,1722636.5,3510,132197,-37.66,8.25,161154.5,28957.5
NSE,FNO,OPTIDX,NIFTY,24/02/2026,25050,CE,1820,498.06,906464,1820,470.98,857184.25,0,-49279.75,0,658.2,-49279.75,0
NSE,FNO,OPTIDX,NIFTY,24/02/2026,25050,PE,20865,29.79,621588.5,21190,32.18,681918.25,-325,60329.75,185.63,8.75,57486,-2843.75
NSE,FNO,OPTIDX,NIFTY,24/02/2026,25100,CE,17485,613.29,10723342.5,17420,555.00,9668171.5,65,-1055171,16233.4,614.9,-1015202.5,39968.5
NSE,FNO,OPTIDX,NIFTY,24/02/2026,25100,PE,45630,22.08,1007698.25,46215,25.55,1180682.75,-585,172984.5,295.7,9.4,167485.5,-5499
NSE,FNO,OPTIDX,NIFTY,24/02/2026,25150,CE,6760,468.66,3168142.25,6760,433.55,2930827.25,0,-237315,0,566.75,-237315,0
NSE,FNO,OPTIDX,NIFTY,24/02/2026,25150,PE,34905,36.87,1286847.25,35360,39.26,1388136.75,-455,101289.5,222.61,10.2,96648.5,-4641
NSE,FNO,OPTIDX,NIFTY,24/02/2026,25200,CE,14495,492.18,7134175.75,14495,516.90,7492436.25,0,358260.5,0,518.1,358260.5,0
NSE,FNO,OPTIDX,NIFTY,24/02/2026,25200,PE,32370,49.84,1613309.75,32825,39.48,1295970,-455,-317339.75,-697.45,11.2,-322435.75,-5096
NSE,FNO,OPTIDX,NIFTY,24/02/2026,25250,CE,12805,413.35,5293008.5,13260,393.93,5223562.5,-455,-69446,-152.63,467,-281931,-212485
NSE,FNO,OPTIDX,NIFTY,24/02/2026,25250,PE,35230,51.46,1813032,35750,60.06,2147128.75,-520,334096.75,642.49,12.4,327648.75,-6448
NSE,FNO,OPTIDX,NIFTY,24/02/2026,25300,CE,45760,348.76,15959138,31330,346.21,10846628,14430,-5112510,354.3,420.5,955305,6067815
NSE,FNO,OPTIDX,NIFTY,24/02/2026,25300,PE,62075,46.53,2888249,77350,59.50,4602162.5,-15275,1713913.5,112.2,14.25,1496244.75,-217668.75
NSE,FNO,OPTIDX,NIFTY,24/02/2026,25350,CE,21320,240.74,5132640.5,22035,285.48,6290596,-715,1157955.5,1619.52,372.95,891296.25,-266659.25
NSE,FNO,OPTIDX,NIFTY,24/02/2026,25350,PE,85540,83.23,7119378.5,86580,89.77,7771955.75,-1040,652577.25,627.48,16.5,635417.25,-17160
NSE,FNO,OPTIDX,NIFTY,24/02/2026,25400,CE,70330,180.44,12690262,70785,259.14,18343315.25,-455,5653053.25,12424.29,326.3,5504586.75,-148466.5
NSE,FNO,OPTIDX,NIFTY,24/02/2026,25400,PE,284245,69.10,19640471.5,285675,83.07,23730274.75,-1430,4089803.25,2860,19.45,4061989.75,-27813.5
NSE,FNO,OPTIDX,NIFTY,24/02/2026,25450,CE,67275,178.82,12029842.5,67535,200.60,13547400.75,-260,1517558.25,5836.76,280.65,1444589.25,-72969
NSE,FNO,OPTIDX,NIFTY,24/02/2026,25450,PE,243685,92.56,22556202.5,244920,94.16,23061395.5,-1235,505193,409.06,23.35,476355.75,-28837.25
NSE,FNO,OPTIDX,NIFTY,24/02/2026,25500,CE,321295,183.87,59077879.25,273130,183.72,50179515.75,48165,-8898363.5,184.75,236.3,2483026,11381389.5
NSE,FNO,OPTIDX,NIFTY,24/02/2026,25500,PE,410345,76.70,31472177.75,459225,85.60,39308854,-48880,7836676.25,160.32,29,6419156.25,-1417520
NSE,FNO,OPTIDX,NIFTY,24/02/2026,25550,CE,155155,163.66,25392168.75,153985,165.43,25473938.75,1170,81770,-69.89,193.75,308457.5,226687.5
NSE,FNO,OPTIDX,NIFTY,24/02/2026,25550,PE,248885,85.82,21359565.5,271375,87.01,23613307.25,-22490,2253741.75,100.21,36.55,1431732.25,-822009.5
NSE,FNO,OPTIDX,NIFTY,24/02/2026,25600,CE,215475,121.01,26074857.25,209755,132.73,27841303.75,5720,1766446.5,-308.82,154.3,2649042.5,882596
NSE,FNO,OPTIDX,NIFTY,24/02/2026,25600,PE,320905,94.70,30390246.25,325585,94.31,30706373.75,-4680,316127.5,67.55,46.95,96401.5,-219726
NSE,FNO,OPTIDX,NIFTY,24/02/2026,25650,CE,207610,117.93,24482783,185510,106.76,19805409,22100,-4677374,211.65,119.35,-2039739,2637635
NSE,FNO,OPTIDX,NIFTY,24/02/2026,25650,PE,261885,121.51,31821162.75,282230,95.55,26967180.5,-20345,-4853982.25,-238.58,62.1,-6117406.75,-1263424.5
NSE,FNO,OPTIDX,NIFTY,24/02/2026,25700,CE,474955,98.83,46938528,527735,92.25,48682309,-52780,1743781,33.04,89.7,-2990585,-4734366
NSE,FNO,OPTIDX,NIFTY,24/02/2026,25700,PE,418600,120.94,50624918.5,362700,107.26,38905005.75,55900,-11719912.75,209.66,81.6,-7158472.75,4561440
NSE,FNO,OPTIDX,NIFTY,24/02/2026,25750,CE,425100,82.61,35116016,478855,79.70,38164415.25,-53755,3048399.25,56.71,65.95,-496743,-3545142.25
NSE,FNO,OPTIDX,NIFTY,24/02/2026,25750,PE,255385,150.39,38407924.75,201110,141.42,28441666.5,54275,-9966258.25,183.63,107.1,-4153405.75,5812852.5
NSE,FNO,OPTIDX,NIFTY,24/02/2026,25800,CE,676845,63.67,43097700.75,713440,66.59,47505451.5,-36595,4407750.75,120.45,46.15,2718891.5,-1688859.25
NSE,FNO,OPTIDX,NIFTY,24/02/2026,25800,PE,199355,244.16,48675188.25,162175,188.88,30632390.75,37180,-18042797.5,485.28,138.55,-12891508.5,5151289
NSE,FNO,OPTIDX,NIFTY,24/02/2026,25850,CE,298610,51.75,15451946.25,323830,60.37,19550228.75,-25220,4098282.5,162.5,32.25,3284937.5,-813345
NSE,FNO,OPTIDX,NIFTY,24/02/2026,25850,PE,140725,177.26,24944296,140725,211.97,29829790.25,0,4885494.25,0,174.95,4885494.25,0
NSE,FNO,OPTIDX,NIFTY,24/02/2026,25900,CE,179335,65.09,11673304.5,180180,69.96,12604621.25,-845,931316.75,1102.15,22.35,912431,-18885.75
NSE,FNO,OPTIDX,NIFTY,24/02/2026,25900,PE,50635,316.06,16003848.25,50635,295.74,14974813.75,0,-1029034.5,0,214.95,-1029034.5,0
NSE,FNO,OPTIDX,NIFTY,24/02/2026,25950,CE,82160,55.87,4590625,83135,69.71,5795182.25,-975,1204557.25,1235.44,15.5,1189444.75,-15112.5
NSE,FNO,OPTIDX,NIFTY,24/02/2026,25950,PE,26065,230.94,6019507,26065,354.93,9251138,0,3231631,0,258.05,3231631,0
NSE,FNO,OPTIDX,NIFTY,24/02/2026,26000,CE,455325,26.79,12199710.25,468910,32.72,15342652,-13585,3142941.75,231.35,10.6,2998940.75,-144001
NSE,FNO,OPTIDX,NIFTY,24/02/2026,26000,PE,134225,403.14,54111031,121290,367.66,44593188.25,12935,-9517842.75,735.82,302.55,-5604358.5,3913484.25
NSE,FNO,OPTIDX,NIFTY,24/02/2026,26050,CE,41080,25.99,1067537.25,40625,31.17,1266300.75,455,198763.5,-436.84,7.35,202107.75,3344.25
NSE,FNO,OPTIDX,NIFTY,24/02/2026,26050,PE,4095,376.88,1543308,3900,398.58,1554468.5,195,11160.5,-57.23,351.7,79742,68581.5
NSE,FNO,OPTIDX,NIFTY,24/02/2026,26100,CE,94445,17.05,1610212.5,94315,19.75,1863189.25,130,252976.75,-1945.98,5.5,253691.75,715
NSE,FNO,OPTIDX,NIFTY,24/02/2026,26100,PE,29705,505.27,15009068.75,29510,567.10,16735010.5,195,1725941.75,-8850.98,398.8,1803707.75,77766
NSE,FNO,OPTIDX,NIFTY,24/02/2026,26150,CE,87620,14.26,1249348.75,88140,16.32,1438492.25,-520,189143.5,363.74,4.6,186751.5,-2392
NSE,FNO,OPTIDX,NIFTY,24/02/2026,26150,PE,4680,457.15,2139445.75,4680,456.47,2136293.25,0,-3152.5,0,449.4,-3152.5,0
NSE,FNO,OPTIDX,NIFTY,24/02/2026,26200,CE,84370,16.10,1358626.75,85280,20.09,1712889.75,-910,354263,389.3,4,350623,-3640
NSE,FNO,OPTIDX,NIFTY,24/02/2026,26200,PE,35230,522.87,18420853.75,35230,650.76,22926117.5,0,4505263.75,0,498.1,4505263.75,0
NSE,FNO,OPTIDX,NIFTY,24/02/2026,26250,CE,34840,18.67,650477.75,35555,18.46,656370,-715,5892.25,8.24,3.35,3497,-2395.25
NSE,FNO,OPTIDX,NIFTY,24/02/2026,26250,PE,2535,461.18,1169080.25,2535,477.23,1209776.75,0,40696.5,0,547.45,40696.5,0
NSE,FNO,OPTIDX,NIFTY,24/02/2026,26300,CE,72345,17.59,1272482.25,65000,18.63,1211115.75,7345,-61366.5,8.35,2.9,-40066,21300.5
NSE,FNO,OPTIDX,NIFTY,24/02/2026,26300,PE,30160,644.38,19434629.5,38025,649.47,24696265.75,-7865,5261636.25,668.99,599.4,547355.25,-4714281
NSE,FNO,OPTIDX,NIFTY,24/02/2026,26350,CE,24570,22.70,557768.25,25350,20.36,516051.25,-780,-41717,-53.48,2.7,-43823,-2106
NSE,FNO,OPTIDX,NIFTY,24/02/2026,26350,PE,390,544.58,212384.25,390,458.11,178662.25,0,-33722,0,643.15,-33722,0
NSE,FNO,OPTIDX,NIFTY,24/02/2026,26400,CE,54535,16.92,922912.25,34775,20.83,724298.25,19760,-198614,10.05,2.55,-148226,50388
NSE,FNO,OPTIDX,NIFTY,24/02/2026,26400,PE,5005,683.78,3422341,25545,718.48,18353546.25,-20540,14931205.25,726.93,698.4,586069.25,-14345136
NSE,FNO,OPTIDX,NIFTY,24/02/2026,26450,CE,27495,22.69,623961,27885,18.49,515544.25,-390,-108416.75,-277.99,2.15,-109255.25,-838.5
NSE,FNO,OPTIDX,NIFTY,24/02/2026,26450,PE,65,413.20,26858,65,419.20,27248,0,390,0,735.5,390,0
NSE,FNO,OPTIDX,NIFTY,24/02/2026,26500,CE,80210,10.88,872459.25,34645,21.07,730083.25,45565,-142376,3.12,2,-51246,91130
NSE,FNO,OPTIDX,NIFTY,24/02/2026,26500,PE,5265,762.35,4013785.75,51220,750.19,38424503,-45955,34410717.25,748.79,800,-2353282.75,-36764000
NSE,FNO,OPTIDX,NIFTY,24/02/2026,26550,CE,24700,19.82,489596.25,24765,16.21,401414,-65,-88182.25,-1356.65,1.9,-88305.75,-123.5
NSE,FNO,OPTIDX,NIFTY,24/02/2026,26600,CE,30745,33.08,1016902.25,30225,26.85,811515.25,520,-205387,394.98,1.65,-204529,858
NSE,FNO,OPTIDX,NIFTY,24/02/2026,26600,PE,1625,856.14,1391224.25,1950,719.01,1402059.75,-325,10835.5,33.34,900.7,-281892,-292727.5
NSE,FNO,OPTIDX,NIFTY,24/02/2026,26650,CE,22815,15.75,359297.25,22555,13.58,306280,260,-53017.25,203.91,1.6,-52601.25,416
NSE,FNO,OPTIDX,NIFTY,24/02/2026,26650,PE,65,564.20,36673,65,523.30,34014.5,0,-2658.5,0,933,-2658.5,0
NSE,FNO,OPTIDX,NIFTY,24/02/2026,26700,CE,26260,30.09,790279.75,26130,20.74,541970,130,-248309.75,1910.08,1.45,-248121.25,188.5
NSE,FNO,OPTIDX,NIFTY,24/02/2026,26700,PE,130,517.48,67271.75,130,535.20,69576,0,2304.25,0,999.05,2304.25,0
NSE,FNO,OPTIDX,NIFTY,24/02/2026,26750,CE,21580,18.19,392476.5,21515,15.32,329553.25,65,-62923.25,968.05,1.45,-62829,94.25
NSE,FNO,OPTIDX,NIFTY,24/02/2026,26800,CE,28535,28.75,820459.25,28535,21.96,626515.5,0,-193943.75,0,1.5,-193943.75,0
NSE,FNO,OPTIDX,NIFTY,24/02/2026,26850,CE,27495,18.80,517016.5,27365,13.46,368377.75,130,-148638.75,1143.38,1.45,-148450.25,188.5
NSE,FNO,OPTIDX,NIFTY,24/02/2026,26900,CE,28470,18.04,513682,28275,17.21,486697.25,195,-26984.75,138.38,1.3,-26731.25,253.5
NSE,FNO,OPTIDX,NIFTY,24/02/2026,26950,CE,20085,8.11,162857.5,19695,9.03,177859.5,390,15002,-38.47,1.3,15509,507
NSE,FNO,OPTIDX,NIFTY,24/02/2026,27000,CE,36075,21.92,790926.5,35750,22.95,820394.25,325,29467.75,-90.67,1.25,29874,406.25
NSE,FNO,OPTIDX,NIFTY,24/02/2026,27050,CE,17225,9.43,162412.25,16900,8.77,148252,325,-14160.25,43.57,1.25,-13754,406.25
NSE,FNO,OPTIDX,NIFTY,24/02/2026,27100,CE,18525,12.33,228413.25,18200,12.87,234191.75,325,5778.5,-17.78,1.25,6184.75,406.25
NSE,FNO,OPTIDX,NIFTY,24/02/2026,27150,CE,10205,5.06,51688,9945,6.30,62702.25,260,11014.25,-42.36,1.2,11326.25,312
NSE,FNO,OPTIDX,NIFTY,24/02/2026,27200,CE,12220,21.19,258966.5,12220,23.20,283562.5,0,24596,0,1.15,24596,0
NSE,FNO,OPTIDX,NIFTY,24/02/2026,27250,CE,4615,19.33,89202.75,4615,23.02,106255.5,0,17052.75,0,1.05,17052.75,0
NSE,FNO,OPTIDX,NIFTY,24/02/2026,27300,CE,5265,34.65,182425.75,5265,37.43,197089.75,0,14664,0,1.15,14664,0
NSE,FNO,OPTIDX,NIFTY,24/02/2026,27350,CE,3185,20.01,63745.5,3185,23.80,75803,0,12057.5,0,1,12057.5,0
NSE,FNO,OPTIDX,NIFTY,24/02/2026,27400,CE,4225,5.29,22360,4225,5.74,24267.75,0,1907.75,0,1,1907.75,0
NSE,FNO,OPTIDX,NIFTY,24/02/2026,27450,CE,2600,4.76,12369.5,2600,4.56,11859.25,0,-510.25,0,0.9,-510.25,0
NSE,FNO,OPTIDX,NIFTY,24/02/2026,27500,CE,4940,14.60,72133.75,4940,17.13,84643,0,12509.25,0,0.9,12509.25,0
NSE,FNO,OPTIDX,NIFTY,02/03/2026,23450,PE,520,67.14,34911.5,130,18.25,2372.5,390,-32539,83.43,6.65,-29945.5,2593.5
NSE,FNO,OPTIDX,NIFTY,02/03/2026,23500,PE,455,71.48,32522.75,455,25.76,11722.75,0,-20800,0,7.2,-20800,0
NSE,FNO,OPTIDX,NIFTY,02/03/2026,23550,PE,520,75.02,39009.75,195,11.68,2278.25,325,-36731.5,113.02,7.8,-34196.5,2535
NSE,FNO,OPTIDX,NIFTY,02/03/2026,23600,PE,390,76.16,29701.75,0,0.00,0,390,-29701.75,76.16,8,-26581.75,3120
NSE,FNO,OPTIDX,NIFTY,02/03/2026,23650,PE,130,86.43,11235.25,65,10.50,682.5,65,-10552.75,162.35,8.5,-10000.25,552.5
NSE,FNO,OPTIDX,NIFTY,02/03/2026,23700,PE,65,87.00,5655,65,33.15,2154.75,0,-3500.25,0,8.75,-3500.25,0
NSE,FNO,OPTIDX,NIFTY,02/03/2026,23750,PE,130,93.85,12200.5,130,11.75,1527.5,0,-10673,0,9.1,-10673,0
NSE,FNO,OPTIDX,NIFTY,02/03/2026,23800,PE,520,100.30,52156,520,31.10,16172,0,-35984,0,9.8,-35984,0
NSE,FNO,OPTIDX,NIFTY,02/03/2026,23850,PE,65,112.95,7341.75,65,18.35,1192.75,0,-6149,0,10.2,-6149,0
NSE,FNO,OPTIDX,NIFTY,02/03/2026,23900,PE,975,80.13,78130,845,40.91,34567,130,-43563,335.1,10.8,-42159,1404
NSE,FNO,OPTIDX,NIFTY,02/03/2026,23950,PE,1365,37.57,51281.75,585,60.48,35379.5,780,-15902.25,20.39,11.25,-7127.25,8775
NSE,FNO,OPTIDX,NIFTY,02/03/2026,24000,PE,3250,28.49,92592.5,2470,68.97,170355.25,780,77762.75,-99.7,11.6,86810.75,9048
NSE,FNO,OPTIDX,NIFTY,02/03/2026,24050,PE,3250,28.81,93622.75,2470,15.86,39169,780,-54453.75,69.81,12.2,-44937.75,9516
NSE,FNO,OPTIDX,NIFTY,02/03/2026,24100,PE,6305,25.20,158895.75,5590,25.98,145249,715,-13646.75,19.09,12.7,-4566.25,9080.5
NSE,FNO,OPTIDX,NIFTY,02/03/2026,24150,PE,5395,19.13,103190.75,4680,16.94,79264.25,715,-23926.5,33.46,13.4,-14345.5,9581
NSE,FNO,OPTIDX,NIFTY,02/03/2026,24200,PE,12870,22.35,287638,12285,25.55,313859,585,26221,-44.82,13.9,34352.5,8131.5
NSE,FNO,OPTIDX,NIFTY,02/03/2026,24250,PE,10010,19.78,198042,8970,24.60,220681.5,1040,22639.5,-21.77,14.6,37823.5,15184
NSE,FNO,OPTIDX,NIFTY,02/03/2026,24300,PE,16900,18.21,307810.75,16055,25.31,406412.5,845,98601.75,-116.69,15.35,111572.5,12970.75
NSE,FNO,OPTIDX,NIFTY,02/03/2026,24350,PE,8450,19.63,165847.5,7670,19.63,150543.25,780,-15304.25,19.62,16.15,-2707.25,12597
NSE,FNO,OPTIDX,NIFTY,02/03/2026,24400,PE,13585,20.10,273120.25,12935,26.48,342559.75,650,69439.5,-106.83,17.15,80587,11147.5
NSE,FNO,OPTIDX,NIFTY,02/03/2026,24450,PE,9165,21.15,193882,8450,35.39,299016.25,715,105134.25,-147.04,18.05,118040,12905.75
NSE,FNO,OPTIDX,NIFTY,02/03/2026,24500,PE,19695,27.43,540208.5,18980,33.93,644049.25,715,103840.75,-145.23,18.8,117282.75,13442
NSE,FNO,OPTIDX,NIFTY,02/03/2026,24550,PE,5655,21.86,123633.25,5070,28.56,144794,585,21160.75,-36.17,19.95,32831.5,11670.75
NSE,FNO,OPTIDX,NIFTY,02/03/2026,24600,PE,11765,26.34,309877.75,10985,30.91,339543.75,780,29666,-38.03,20.85,45929,16263
NSE,FNO,OPTIDX,NIFTY,02/03/2026,24650,PE,5590,46.95,262470,5005,41.85,209472.25,585,-52997.75,90.59,22.55,-39806,13191.75
NSE,FNO,OPTIDX,NIFTY,02/03/2026,24700,PE,11245,36.58,411300.5,10855,41.80,453709.75,390,42409.25,-108.74,23.95,51749.75,9340.5
NSE,FNO,OPTIDX,NIFTY,02/03/2026,24750,PE,5460,35.46,193592.75,5265,54.80,288531.75,195,94939,-486.87,25.7,99950.5,5011.5
NSE,FNO,OPTIDX,NIFTY,02/03/2026,24800,CE,65,425.00,27625,65,1221.00,79365,0,51740,0,949.6,51740,0
NSE,FNO,OPTIDX,NIFTY,02/03/2026,24800,PE,10270,40.33,414222.25,10270,49.61,509457,0,95234.75,0,27.7,95234.75,0
NSE,FNO,OPTIDX,NIFTY,02/03/2026,24850,CE,65,442.35,28752.75,0,0.00,0,65,-28752.75,442.35,901.55,29848,58600.75
NSE,FNO,OPTIDX,NIFTY,02/03/2026,24850,PE,5135,83.79,430270.75,5265,55.95,294567,-130,-135703.75,-1043.88,29.8,-139577.75,-3874
NSE,FNO,OPTIDX,NIFTY,02/03/2026,24900,PE,8645,43.52,376268.75,8840,58.54,517484.5,-195,141215.75,724.18,32.05,134966,-6249.75
NSE,FNO,OPTIDX,NIFTY,02/03/2026,24950,CE,65,382.65,24872.25,65,360.95,23461.75,0,-1410.5,0,794.05,-1410.5,0
NSE,FNO,OPTIDX,NIFTY,02/03/2026,24950,PE,7280,57.95,421892.25,7995,56.98,455572,-715,33679.75,47.1,35.25,8476,-25203.75
NSE,FNO,OPTIDX,NIFTY,02/03/2026,25000,CE,195,587.73,114608,195,406.70,79306.5,0,-35301.5,0,772.65,-35301.5,0
NSE,FNO,OPTIDX,NIFTY,02/03/2026,25000,PE,17875,54.14,967814.25,18655,74.59,1391393.25,-780,423579,543.05,38.4,393627,-29952
NSE,FNO,OPTIDX,NIFTY,02/03/2026,25050,CE,650,439.88,285922,195,668.58,130373.75,455,-155548.25,341.86,714.9,169731.25,325279.5
NSE,FNO,OPTIDX,NIFTY,02/03/2026,25050,PE,6565,56.32,369710.25,8125,61.17,496967.25,-1560,127257,81.58,42.5,60957,-66300
NSE,FNO,OPTIDX,NIFTY,02/03/2026,25100,CE,260,374.39,97340.75,195,671.65,130971.75,65,33631,-517.4,677,77636,44005
NSE,FNO,OPTIDX,NIFTY,02/03/2026,25100,PE,10855,55.68,604428.5,12480,65.32,815194.25,-1625,210765.75,129.7,46.3,135528.25,-75237.5
NSE,FNO,OPTIDX,NIFTY,02/03/2026,25150,CE,1300,350.27,455347.75,390,570.40,222456,910,-232891.75,255.93,633.95,344002.75,576894.5
NSE,FNO,OPTIDX,NIFTY,02/03/2026,25150,PE,7410,70.09,519359.75,9295,71.16,661446.5,-1885,142086.75,75.38,50.85,46234.5,-95852.25
NSE,FNO,OPTIDX,NIFTY,02/03/2026,25200,CE,195,870.18,169685.75,195,255.67,49855,0,-119830.75,0,591.15,-119830.75,0
NSE,FNO,OPTIDX,NIFTY,02/03/2026,25200,PE,15470,74.72,1155908,18005,86.48,1557058.75,-2535,401150.75,158.24,56.65,257543,-143607.75
NSE,FNO,OPTIDX,NIFTY,02/03/2026,25250,CE,520,315.60,164112,390,490.25,191197.5,130,27085.5,-208.35,544.9,97922.5,70837
NSE,FNO,OPTIDX,NIFTY,02/03/2026,25250,PE,5850,79.04,462410,8645,81.95,708474,-2795,246064,88.04,63.4,68861,-177203
NSE,FNO,OPTIDX,NIFTY,02/03/2026,25300,CE,65,419.60,27274,65,426.25,27706.25,0,432.25,0,501,432.25,0
NSE,FNO,OPTIDX,NIFTY,02/03/2026,25300,PE,11115,85.00,944827,13975,91.14,1273613.25,-2860,328786.25,114.96,69.7,129444.25,-199342
NSE,FNO,OPTIDX,NIFTY,02/03/2026,25350,CE,1820,643.67,1171482,1820,271.42,493983.75,0,-677498.25,0,459.1,-677498.25,0
NSE,FNO,OPTIDX,NIFTY,02/03/2026,25350,PE,4030,155.65,627289,6760,86.08,581867,-2730,-45422,-16.64,77.9,-258089,-212667
NSE,FNO,OPTIDX,NIFTY,02/03/2026,25400,CE,910,401.97,365794,910,311.24,283224.5,0,-82569.5,0,421.3,-82569.5,0
NSE,FNO,OPTIDX,NIFTY,02/03/2026,25400,PE,6305,149.66,943585.5,9360,113.04,1058027.75,-3055,114442.25,37.46,86.9,-151037.25,-265479.5
NSE,FNO,OPTIDX,NIFTY,02/03/2026,25450,CE,1105,372.19,411274.5,1105,356.21,393614,0,-17660.5,0,382.15,-17660.5,0
NSE,FNO,OPTIDX,NIFTY,02/03/2026,25450,PE,2405,218.01,524322.5,4095,123.75,506753,-1690,-17569.5,-10.4,97.2,-181837.5,-164268
NSE,FNO,OPTIDX,NIFTY,02/03/2026,25500,CE,3900,297.06,1158521,3835,326.51,1252160,65,93639,-1440.6,343.65,115976.25,22337.25
NSE,FNO,OPTIDX,NIFTY,02/03/2026,25500,PE,6370,257.19,1638299,7670,134.79,1033873.75,-1300,-604425.25,-464.94,109.05,-746190.25,-141765
NSE,FNO,OPTIDX,NIFTY,02/03/2026,25550,CE,1690,280.94,474786,1690,322.63,545252.5,0,70466.5,0,305.65,70466.5,0
NSE,FNO,OPTIDX,NIFTY,02/03/2026,25550,PE,650,213.56,138814,975,120.43,117416,-325,-21398,-65.84,122.15,-61096.75,-39698.75
NSE,FNO,OPTIDX,NIFTY,02/03/2026,25600,CE,2860,165.26,472634.5,2860,231.03,660744.5,0,188110,0,271.5,188110,0
NSE,FNO,OPTIDX,NIFTY,02/03/2026,25600,PE,1950,226.63,441922,1755,135.16,237201.25,195,-204720.75,1049.85,137.1,-177986.25,26734.5
NSE,FNO,OPTIDX,NIFTY,02/03/2026,25650,CE,4615,159.22,734805.5,4225,301.44,1273577.5,390,538772,-1381.47,238.5,631787,93015
NSE,FNO,OPTIDX,NIFTY,02/03/2026,25650,PE,2600,257.11,668495.75,1235,123.09,152012.25,1365,-516483.5,378.38,153.95,-306341.75,210141.75
NSE,FNO,OPTIDX,NIFTY,02/03/2026,25700,CE,3900,164.00,639609.75,3900,231.84,904156.5,0,264546.75,0,207.5,264546.75,0
NSE,FNO,OPTIDX,NIFTY,02/03/2026,25700,PE,3510,245.74,862533.75,1430,182.57,261079,2080,-601454.75,289.16,172.6,-242446.75,359008
NSE,FNO,OPTIDX,NIFTY,02/03/2026,25750,CE,6175,142.45,879651.5,4615,183.95,848948.75,1560,-30702.75,19.68,179.2,248849.25,279552
NSE,FNO,OPTIDX,NIFTY,02/03/2026,25750,PE,3185,218.19,694947.5,260,190.99,49656.75,2925,-645290.75,220.61,193.85,-78279.5,567011.25
NSE,FNO,OPTIDX,NIFTY,02/03/2026,25800,CE,5265,147.28,775450,4485,219.58,984808.5,780,209358.5,-268.41,153.45,329049.5,119691
NSE,FNO,OPTIDX,NIFTY,02/03/2026,25800,PE,4160,276.62,1150721,780,164.35,128189.75,3380,-1022531.25,302.52,218.6,-283663.25,738868
NSE,FNO,OPTIDX,NIFTY,02/03/2026,25850,CE,4225,128.01,540852,3250,156.75,509421.25,975,-31430.75,32.24,129.9,95221.75,126652.5
NSE,FNO,OPTIDX,NIFTY,02/03/2026,25850,PE,2990,265.58,794075.75,1170,175.42,205237.5,1820,-588838.25,323.54,245.65,-141755.25,447083
NSE,FNO,OPTIDX,NIFTY,02/03/2026,25900,CE,9165,121.06,1109556.5,8450,131.12,1107921.75,715,-1634.75,2.29,109.25,76479,78113.75
NSE,FNO,OPTIDX,NIFTY,02/03/2026,25900,PE,1365,239.96,327548,130,252.35,32805.5,1235,-294742.5,238.66,273,42412.5,337155
NSE,FNO,OPTIDX,NIFTY,02/03/2026,25950,CE,4875,106.59,519626.25,4485,98.31,440898.25,390,-78728,201.87,91.15,-43179.5,35548.5
NSE,FNO,OPTIDX,NIFTY,02/03/2026,25950,PE,715,271.12,193849.5,0,0.00,0,715,-193849.5,271.12,305.55,24618.75,218468.25
NSE,FNO,OPTIDX,NIFTY,02/03/2026,26000,CE,6240,101.56,633737,6110,96.23,587938,130,-45799,352.3,75,-36049,9750
NSE,FNO,OPTIDX,NIFTY,02/03/2026,26000,PE,910,279.98,254777.25,65,239.95,15596.75,845,-239180.5,283.05,338.05,46471.75,285652.25
NSE,FNO,OPTIDX,NIFTY,02/03/2026,26050,CE,7865,83.09,653484,7930,60.12,476762,-65,-176722,-2718.8,61.9,-180745.5,-4023.5
NSE,FNO,OPTIDX,NIFTY,02/03/2026,26050,PE,195,290.65,56676.75,0,0.00,0,195,-56676.75,290.65,378.9,17208.75,73885.5
NSE,FNO,OPTIDX,NIFTY,02/03/2026,26100,CE,6500,76.10,494669.5,6565,75.57,496112.5,-65,1443,22.2,50.3,-1826.5,-3269.5
NSE,FNO,OPTIDX,NIFTY,02/03/2026,26100,PE,910,271.49,247052,0,0.00,0,910,-247052,271.49,416.05,131553.5,378605.5
NSE,FNO,OPTIDX,NIFTY,02/03/2026,26150,CE,5525,73.50,406090.75,6045,42.18,255004.75,-520,-151086,-290.55,40.6,-172198,-21112
NSE,FNO,OPTIDX,NIFTY,02/03/2026,26150,PE,65,292.60,19019,65,307.50,19987.5,0,968.5,0,452.65,968.5,0
NSE,FNO,OPTIDX,NIFTY,02/03/2026,26200,CE,7215,68.69,495589.25,7865,58.99,463960.25,-650,-31629,-48.66,32.55,-52786.5,-21157.5
NSE,FNO,OPTIDX,NIFTY,02/03/2026,26250,CE,9620,52.17,501842.25,10530,34.24,360584.25,-910,-141258,-155.23,26.45,-165327.5,-24069.5
NSE,FNO,OPTIDX,NIFTY,02/03/2026,26300,CE,11310,41.51,469475.5,12285,28.33,348036,-975,-121439.5,-124.55,21.25,-142158.25,-20718.75
NSE,FNO,OPTIDX,NIFTY,02/03/2026,26350,CE,10270,32.81,336973,11635,26.03,302916.25,-1365,-34056.75,-24.95,17.65,-58149,-24092.25
NSE,FNO,OPTIDX,NIFTY,02/03/2026,26400,CE,13780,29.99,413211.5,15210,28.40,431983.5,-1430,18772,13.13,14.5,-1963,-20735
NSE,FNO,OPTIDX,NIFTY,02/03/2026,26450,CE,13130,21.80,286191.75,14885,20.37,303150.25,-1755,16958.5,9.66,12.4,-4803.5,-21762
NSE,FNO,OPTIDX,NIFTY,02/03/2026,26500,CE,21060,19.93,419669.25,23335,27.86,650198.25,-2275,230529,101.33,10.95,205617.75,-24911.25
NSE,FNO,OPTIDX,NIFTY,02/03/2026,26550,CE,16900,16.91,285753,18980,16.55,314119,-2080,28366,13.64,9.45,8710,-19656
NSE,FNO,OPTIDX,NIFTY,02/03/2026,26600,CE,27625,18.07,499304,29965,15.40,461483.75,-2340,-37820.25,-16.16,8.4,-57476.25,-19656
NSE,FNO,OPTIDX,NIFTY,02/03/2026,26650,CE,18395,10.80,198675.75,20540,12.02,246954.5,-2145,48278.75,22.51,7.4,32405.75,-15873
NSE,FNO,OPTIDX,NIFTY,02/03/2026,26700,CE,30160,14.88,448808.75,32175,13.30,427768.25,-2015,-21040.5,-10.44,6.7,-34541,-13500.5
NSE,FNO,OPTIDX,NIFTY,02/03/2026,26750,CE,18265,15.87,289864.25,20020,12.06,241377.5,-1755,-48486.75,-27.63,5.85,-58753.5,-10266.75
NSE,FNO,OPTIDX,NIFTY,02/03/2026,26800,CE,27625,13.56,374543,29185,13.05,380971.5,-1560,6428.5,4.12,5.3,-1839.5,-8268
NSE,FNO,OPTIDX,NIFTY,02/03/2026,26850,CE,11505,11.02,126802,12935,11.42,147751.5,-1430,20949.5,14.65,4.95,13871,-7078.5
NSE,FNO,OPTIDX,NIFTY,02/03/2026,26900,CE,19370,10.79,208939.25,20540,11.33,232752,-1170,23812.75,20.35,4.4,18664.75,-5148
NSE,FNO,OPTIDX,NIFTY,02/03/2026,26950,CE,9945,9.44,93863.25,11050,11.74,129694.5,-1105,35831.25,32.43,4.15,31245.5,-4585.75
NSE,FNO,OPTIDX,NIFTY,02/03/2026,27000,CE,33215,9.52,316238,34125,11.65,397416.5,-910,81178.5,89.21,3.75,77766,-3412.5
NSE,FNO,OPTIDX,NIFTY,02/03/2026,27050,CE,10010,6.67,66810.25,10335,8.93,92280.5,-325,25470.25,78.37,3.05,24479,-991.25
NSE,FNO,OPTIDX,NIFTY,02/03/2026,27100,CE,19045,7.56,143942.5,19175,8.78,168314.25,-130,24371.75,187.48,2.75,24014.25,-357.5
NSE,FNO,OPTIDX,NIFTY,02/03/2026,27150,CE,8775,5.47,47970,8515,7.31,62260.25,260,14290.25,-54.96,2.3,14888.25,598
NSE,FNO,OPTIDX,NIFTY,02/03/2026,27200,CE,23010,6.17,142080.25,22360,7.26,162396,650,20315.75,-31.26,1.95,21583.25,1267.5
NSE,FNO,OPTIDX,NIFTY,02/03/2026,27250,CE,5200,4.39,22837.75,4550,3.72,16922.75,650,-5915,9.1,1.85,-4712.5,1202.5
NSE,FNO,OPTIDX,NIFTY,02/03/2026,27300,CE,11635,4.78,55636.75,10790,5.49,59267,845,3630.25,-4.3,1.65,5024.5,1394.25
NSE,FNO,OPTIDX,NIFTY,02/03/2026,27350,CE,4420,4.07,17975.75,3640,4.82,17533.75,780,-442,0.57,1.7,884,1326
NSE,FNO,OPTIDX,NIFTY,02/03/2026,27400,CE,4940,4.46,22025.25,4160,5.45,22675.25,780,650,-0.83,1.6,1898,1248
NSE,FNO,OPTIDX,NIFTY,02/03/2026,27450,CE,975,6.48,6321.25,975,7.52,7328.75,0,1007.5,0,1.55,1007.5,0
NSE,FNO,OPTIDX,NIFTY,02/03/2026,27500,CE,3510,6.50,22808.5,3510,7.71,27049.75,0,4241.25,0,1.65,4241.25,0
NSE,FNO,OPTIDX,NIFTY,02/03/2026,27550,CE,130,5.85,760.5,130,6.15,799.5,0,39,0,1.55,39,0
NSE,FNO,OPTIDX,NIFTY,10/03/2026,24000,PE,520,28.76,14953.25,65,25.20,1638,455,-13315.25,29.26,21.6,-3487.25,9828
NSE,FNO,OPTIDX,NIFTY,10/03/2026,24100,PE,390,32.29,12593.75,195,24.85,4845.75,195,-7748,39.73,23.75,-3116.75,4631.25
NSE,FNO,OPTIDX,NIFTY,10/03/2026,24150,PE,650,34.09,22158.5,65,31.10,2021.5,585,-20137,34.42,25.7,-5102.5,15034.5
NSE,FNO,OPTIDX,NIFTY,10/03/2026,24200,PE,2145,33.12,71038.5,390,28.02,10926.5,1755,-60112,34.25,26.1,-14306.5,45805.5
NSE,FNO,OPTIDX,NIFTY,10/03/2026,24250,PE,1495,31.28,46761,195,33.08,6451.25,1300,-40309.75,31.01,27.7,-4299.75,36010
NSE,FNO,OPTIDX,NIFTY,10/03/2026,24300,PE,3445,29.28,100863.75,2210,34.58,76420.5,1235,-24443.25,19.79,29.55,12051,36494.25
NSE,FNO,OPTIDX,NIFTY,10/03/2026,24350,PE,1040,32.38,33676.5,65,48.40,3146,975,-30530.5,31.31,31.45,133.25,30663.75
NSE,FNO,OPTIDX,NIFTY,10/03/2026,24400,PE,2730,31.57,86180.25,1170,37.48,43849,1560,-42331.25,27.14,32.75,8758.75,51090
NSE,FNO,OPTIDX,NIFTY,10/03/2026,24450,PE,910,35.40,32210.75,130,43.25,5622.5,780,-26588.25,34.09,35.1,789.75,27378
NSE,FNO,OPTIDX,NIFTY,10/03/2026,24500,PE,8515,36.39,309864.75,8190,35.69,292324.5,325,-17540.25,53.97,37.6,-5320.25,12220
NSE,FNO,OPTIDX,NIFTY,10/03/2026,24550,PE,520,37.64,19574.75,65,52.30,3399.5,455,-16175.25,35.55,39.25,1683.5,17858.75
NSE,FNO,OPTIDX,NIFTY,10/03/2026,24600,PE,2405,38.17,91806,2275,43.12,98088.25,130,6282.25,-48.33,42.7,11833.25,5551
NSE,FNO,OPTIDX,NIFTY,10/03/2026,24650,PE,650,39.83,25886.25,260,59.45,15457,390,-10429.25,26.74,44.7,7003.75,17433
NSE,FNO,OPTIDX,NIFTY,10/03/2026,24700,PE,2015,45.23,91139.75,2210,49.03,108345.25,-195,17205.5,88.23,48.2,7806.5,-9399
NSE,FNO,OPTIDX,NIFTY,10/03/2026,24750,PE,585,41.46,24254.75,845,65.03,54954.25,-260,30699.5,118.08,51.8,17231.5,-13468
NSE,FNO,OPTIDX,NIFTY,10/03/2026,24800,PE,4225,41.86,176855.25,5200,63.18,328532.75,-975,151677.5,155.57,55.25,97808.75,-53868.75
NSE,FNO,OPTIDX,NIFTY,10/03/2026,24850,PE,260,56.21,14615.25,780,73.65,57443.75,-520,42828.5,82.36,59.15,12070.5,-30758
NSE,FNO,OPTIDX,NIFTY,10/03/2026,24900,PE,2275,50.42,114705.5,2730,73.82,201519.5,-455,86814,190.8,63.5,57921.5,-28892.5
NSE,FNO,OPTIDX,NIFTY,10/03/2026,24950,PE,0,0.00,0,2015,86.62,174544.5,-2015,174544.5,86.62,68.6,36315.5,-138229
NSE,FNO,OPTIDX,NIFTY,10/03/2026,25000,PE,4420,62.85,277790.5,5980,67.88,405902.25,-1560,128111.75,82.12,73.7,13139.75,-114972
NSE,FNO,OPTIDX,NIFTY,10/03/2026,25050,PE,0,0.00,0,910,85.42,77730.25,-910,77730.25,85.42,79.5,5385.25,-72345
NSE,FNO,OPTIDX,NIFTY,10/03/2026,25100,PE,1625,58.36,94838.25,2535,94.30,239044,-910,144205.75,158.47,85.8,66127.75,-78078
NSE,FNO,OPTIDX,NIFTY,10/03/2026,25150,PE,130,114.55,14891.5,910,97.33,88572.25,-780,73680.75,94.46,92.65,1413.75,-72267
NSE,FNO,OPTIDX,NIFTY,10/03/2026,25200,PE,975,63.99,62390.25,1820,102.61,186751.5,-845,124361.25,147.17,101.5,38593.75,-85767.5
NSE,FNO,OPTIDX,NIFTY,10/03/2026,25250,PE,0,0.00,0,910,110.88,100902.75,-910,100902.75,110.88,109.6,1166.75,-99736
NSE,FNO,OPTIDX,NIFTY,10/03/2026,25300,PE,585,92.82,54301,2210,113.81,251517.5,-1625,197216.5,121.36,118.2,5141.5,-192075
NSE,FNO,OPTIDX,NIFTY,10/03/2026,25350,PE,0,0.00,0,780,135.10,105381.25,-780,105381.25,135.1,129.25,4566.25,-100815
NSE,FNO,OPTIDX,NIFTY,10/03/2026,25400,PE,2730,186.64,509538.25,5005,133.35,667423.25,-2275,157885,69.4,140.9,-162662.5,-320547.5
NSE,FNO,OPTIDX,NIFTY,10/03/2026,25450,CE,0,0.00,0,65,319.20,20748,-65,20748,319.2,472.7,-9977.5,-30725.5
NSE,FNO,OPTIDX,NIFTY,10/03/2026,25450,PE,0,0.00,0,650,145.23,94399.5,-650,94399.5,145.23,152.95,-5018,-99417.5
NSE,FNO,OPTIDX,NIFTY,10/03/2026,25500,CE,65,279.75,18183.75,65,289.75,18833.75,0,650,0,438.5,650,0
NSE,FNO,OPTIDX,NIFTY,10/03/2026,25500,PE,3510,151.94,533325,4940,124.25,613798.25,-1430,80473.25,56.28,165,-155476.75,-235950
NSE,FNO,OPTIDX,NIFTY,10/03/2026,25550,CE,65,416.15,27049.75,65,344.10,22366.5,0,-4683.25,0,407.15,-4683.25,0
NSE,FNO,OPTIDX,NIFTY,10/03/2026,25550,PE,585,228.39,133607.5,975,176.13,171723.5,-390,38116,97.73,179.25,-31791.5,-69907.5
NSE,FNO,OPTIDX,NIFTY,10/03/2026,25600,CE,130,337.28,43845.75,130,325.35,42295.5,0,-1550.25,0,365.95,-1550.25,0
NSE,FNO,OPTIDX,NIFTY,10/03/2026,25600,PE,1235,235.15,290413.5,910,140.08,127474.75,325,-162938.75,501.35,194.55,-99710,63228.75
NSE,FNO,OPTIDX,NIFTY,10/03/2026,25650,CE,130,243.78,31690.75,260,299.46,77860.25,-130,46169.5,355.15,331.05,3133,-43036.5
NSE,FNO,OPTIDX,NIFTY,10/03/2026,25650,PE,1170,265.73,310898.25,390,200.23,78091,780,-232807.25,298.47,211.6,-67759.25,165048
NSE,FNO,OPTIDX,NIFTY,10/03/2026,25700,CE,975,249.45,243217,130,341.60,44408,845,-198809,235.28,301.25,55747.25,254556.25
NSE,FNO,OPTIDX,NIFTY,10/03/2026,25700,PE,2275,275.95,627783,975,147.13,143455,1300,-484328,372.56,228.85,-186823,297505
NSE,FNO,OPTIDX,NIFTY,10/03/2026,25750,CE,845,244.63,206709.75,325,302.15,98198.75,520,-108511,208.68,271.5,32669,141180
NSE,FNO,OPTIDX,NIFTY,10/03/2026,25750,PE,1690,235.96,398778.25,715,202.20,144569.75,975,-254208.5,260.73,248.6,-11823.5,242385
NSE,FNO,OPTIDX,NIFTY,10/03/2026,25800,CE,715,212.08,151638.5,520,293.31,152519.25,195,880.75,-4.52,244.3,48519.25,47638.5
NSE,FNO,OPTIDX,NIFTY,10/03/2026,25800,PE,2730,295.69,807244.75,715,197.77,141404.25,2015,-665840.5,330.44,269.7,-122395,543445.5
NSE,FNO,OPTIDX,NIFTY,10/03/2026,25850,CE,65,174.45,11339.25,390,206.73,80626,-325,69286.75,213.19,217.1,-1270.75,-70557.5
NSE,FNO,OPTIDX,NIFTY,10/03/2026,25850,PE,715,295.97,211617.25,650,204.72,133064.75,65,-78552.5,1208.5,293.85,-59452.25,19100.25
NSE,FNO,OPTIDX,NIFTY,10/03/2026,25900,CE,845,168.24,142164.75,0,0.00,0,845,-142164.75,168.24,193.05,20962.5,163127.25
NSE,FNO,OPTIDX,NIFTY,10/03/2026,25900,PE,1365,290.12,396019,130,205.93,26770.25,1235,-369248.75,298.99,319.9,25827.75,395076.5
NSE,FNO,OPTIDX,NIFTY,10/03/2026,25950,CE,130,141.93,18450.25,325,241.44,78468,-195,60017.75,307.78,170.8,26711.75,-33306
NSE,FNO,OPTIDX,NIFTY,10/03/2026,25950,PE,715,229.12,163822.75,195,258.90,50485.5,520,-113337.25,217.96,345.25,66192.75,179530
NSE,FNO,OPTIDX,NIFTY,10/03/2026,26000,CE,1950,221.86,432630.25,2275,208.14,473515.25,-325,40885,125.8,149.05,-7556.25,-48441.25
NSE,FNO,OPTIDX,NIFTY,10/03/2026,26000,PE,1040,254.78,264972.5,390,297.10,115869,650,-149103.5,229.39,379.45,97539,246642.5
NSE,FNO,OPTIDX,NIFTY,10/03/2026,26050,CE,260,113.18,29425.5,130,218.53,28408.25,130,-1017.25,7.83,129.7,15843.75,16861
NSE,FNO,OPTIDX,NIFTY,10/03/2026,26100,CE,3315,124.74,413510.5,2340,125.49,293640.75,975,-119869.75,122.94,113.35,-9353.5,110516.25
NSE,FNO,OPTIDX,NIFTY,10/03/2026,26100,PE,260,295.89,76930.75,260,279.71,72725.25,0,-4205.5,0,439.25,-4205.5,0
NSE,FNO,OPTIDX,NIFTY,10/03/2026,26150,CE,1560,109.07,170147.25,520,119.89,62344.75,1040,-107802.5,103.66,95.5,-8482.5,99320
NSE,FNO,OPTIDX,NIFTY,10/03/2026,26200,CE,3055,106.08,324083.5,2080,99.91,207821.25,975,-116262.25,119.24,82.8,-35532.25,80730
NSE,FNO,OPTIDX,NIFTY,10/03/2026,26250,CE,1690,88.71,149922.5,780,68.85,53699.75,910,-96222.75,105.74,69.65,-32841.25,63381.5
NSE,FNO,OPTIDX,NIFTY,10/03/2026,26300,CE,4225,98.98,418193.75,2860,82.91,237123.25,1365,-181070.5,132.65,59.35,-100057.75,81012.75
NSE,FNO,OPTIDX,NIFTY,10/03/2026,26350,CE,1365,63.33,86446.75,1040,47.31,49198.5,325,-37248.25,114.61,50.3,-20900.75,16347.5
NSE,FNO,OPTIDX,NIFTY,10/03/2026,26400,CE,4680,60.50,283159.5,4420,41.18,182029.25,260,-101130.25,388.96,42.75,-90015.25,11115
NSE,FNO,OPTIDX,NIFTY,10/03/2026,26450,CE,715,34.56,24713,65,30.60,1989,650,-22724,34.96,35.2,156,22880
NSE,FNO,OPTIDX,NIFTY,10/03/2026,26500,CE,10530,59.17,623018.5,10010,44.78,448243.25,520,-174775.25,336.11,29.7,-159331.25,15444
NSE,FNO,OPTIDX,NIFTY,10/03/2026,26550,CE,975,28.27,27566.5,910,26.08,23731.5,65,-3835,59,24.85,-2219.75,1615.25
NSE,FNO,OPTIDX,NIFTY,10/03/2026,26600,CE,5980,47.40,283471.5,6370,34.63,220590.5,-390,-62881,-161.23,21.4,-71227,-8346
NSE,FNO,OPTIDX,NIFTY,10/03/2026,26650,CE,780,24.35,18996.25,1560,20.69,32282.25,-780,13286,17.03,18.7,-1300,-14586
NSE,FNO,OPTIDX,NIFTY,10/03/2026,26700,CE,3705,18.59,68867.5,4615,20.55,94838.25,-910,25970.75,28.54,15.7,11683.75,-14287
NSE,FNO,OPTIDX,NIFTY,10/03/2026,26750,CE,455,17.87,8131.5,2340,15.70,36734.75,-1885,28603.25,15.17,14.3,1647.75,-26955.5
NSE,FNO,OPTIDX,NIFTY,10/03/2026,26800,CE,8190,16.64,136311.5,9490,17.07,162015.75,-1300,25704.25,19.77,12.2,9844.25,-15860
NSE,FNO,OPTIDX,NIFTY,10/03/2026,26850,CE,910,17.98,16363.75,3055,16.58,50657.75,-2145,34294,15.99,11.4,9841,-24453
NSE,FNO,OPTIDX,NIFTY,10/03/2026,26900,CE,7670,18.51,141982.75,9295,20.30,188659.25,-1625,46676.5,28.72,9.85,30670.25,-16006.25
NSE,FNO,OPTIDX,NIFTY,10/03/2026,26950,CE,3055,11.16,34105.5,5005,11.10,55562,-1950,21456.5,11,8.9,4101.5,-17355
NSE,FNO,OPTIDX,NIFTY,10/03/2026,27000,CE,23465,13.60,319224.75,25350,18.01,456446.25,-1885,137221.5,72.8,8.4,121387.5,-15834
NSE,FNO,OPTIDX,NIFTY,10/03/2026,27050,CE,195,7.75,1511.25,1885,8.67,16341,-1690,14829.75,8.78,8,1309.75,-13520
NSE,FNO,OPTIDX,NIFTY,10/03/2026,27100,CE,5200,8.80,45763.25,7020,10.25,71935.5,-1820,26172.25,14.38,7.15,13159.25,-13013
NSE,FNO,OPTIDX,NIFTY,10/03/2026,27150,CE,2210,7.28,16090.75,3900,7.19,28047.5,-1690,11956.75,7.08,6.85,380.25,-11576.5
NSE,FNO,OPTIDX,NIFTY,10/03/2026,27200,CE,6760,7.30,49328.5,8775,8.17,71672.25,-2015,22343.75,11.09,6.75,8742.5,-13601.25
NSE,FNO,OPTIDX,NIFTY,10/03/2026,27250,CE,2860,7.99,22841,4290,9.59,41161.25,-1430,18320.25,12.81,5.8,10026.25,-8294
NSE,FNO,OPTIDX,NIFTY,10/03/2026,27300,CE,2080,6.03,12532,3185,6.55,20868.25,-1105,8336.25,7.54,6.1,1595.75,-6740.5
NSE,FNO,OPTIDX,NIFTY,10/03/2026,27350,CE,455,5.20,2366,455,5.82,2648.75,0,282.75,0,4.7,282.75,0
NSE,FNO,OPTIDX,NIFTY,10/03/2026,27400,CE,3445,8.43,29038.75,3640,12.61,45890,-195,16851.25,86.42,5.15,15847,-1004.25
NSE,FNO,OPTIDX,NIFTY,10/03/2026,27450,CE,715,7.91,5658.25,715,10.37,7416.5,0,1758.25,0,4.25,1758.25,0
NSE,FNO,OPTIDX,NIFTY,10/03/2026,27500,CE,7865,9.37,73713.25,7865,12.29,96645.25,0,22932,0,3.95,22932,0
NSE,FNO,OPTIDX,NIFTY,17/03/2026,24200,PE,1560,41.55,64821.25,585,45.11,26386.75,975,-38434.5,39.42,39.3,-117,38317.5
NSE,FNO,OPTIDX,NIFTY,17/03/2026,24350,PE,715,46.12,32974.5,0,0.00,0,715,-32974.5,46.12,46.4,201.5,33176
NSE,FNO,OPTIDX,NIFTY,17/03/2026,24400,PE,3835,52.60,201730.75,3380,40.31,136253,455,-65477.75,143.91,47.7,-43774.25,21703.5
NSE,FNO,OPTIDX,NIFTY,17/03/2026,24450,PE,585,48.51,28379,0,0.00,0,585,-28379,48.51,51.1,1514.5,29893.5
NSE,FNO,OPTIDX,NIFTY,17/03/2026,24500,PE,3640,57.41,208971.75,3185,63.36,201792.5,455,-7179.25,15.78,53.4,17117.75,24297
NSE,FNO,OPTIDX,NIFTY,17/03/2026,24550,PE,975,44.98,43855.5,195,61.28,11950.25,780,-31905.25,40.9,58,13334.75,45240
NSE,FNO,OPTIDX,NIFTY,17/03/2026,24600,PE,1560,60.32,94100.5,585,73.78,43163.25,975,-50937.25,52.24,59.6,7172.75,58110
NSE,FNO,OPTIDX,NIFTY,17/03/2026,24650,PE,260,68.38,17777.5,0,0.00,0,260,-17777.5,68.38,63.8,-1189.5,16588
NSE,FNO,OPTIDX,NIFTY,17/03/2026,24700,PE,1885,64.14,120913,1365,77.42,105683.5,520,-15229.5,29.29,68.05,20156.5,35386
NSE,FNO,OPTIDX,NIFTY,17/03/2026,24750,PE,845,57.21,48343.75,260,95.33,24784.5,585,-23559.25,40.27,72.45,18824,42383.25
NSE,FNO,OPTIDX,NIFTY,17/03/2026,24800,PE,1430,78.30,111969,390,104.91,40914.25,1040,-71054.75,68.32,74.65,6581.25,77636
NSE,FNO,OPTIDX,NIFTY,17/03/2026,24850,PE,0,0.00,0,65,101.80,6617,-65,6617,101.8,82.5,1254.5,-5362.5
NSE,FNO,OPTIDX,NIFTY,17/03/2026,24900,PE,585,70.68,41349.75,520,99.64,51811.5,65,10461.75,-160.95,87.7,16162.25,5700.5
NSE,FNO,OPTIDX,NIFTY,17/03/2026,24950,PE,260,103.06,26796.25,195,103.08,20101.25,65,-6695,103,87.9,-981.5,5713.5
NSE,FNO,OPTIDX,NIFTY,17/03/2026,25000,PE,3900,94.62,369018,5915,106.08,627451.5,-2015,258433.5,128.25,100.2,56530.5,-201903
NSE,FNO,OPTIDX,NIFTY,17/03/2026,25100,PE,1170,86.61,101328.5,1885,103.42,194954.5,-715,93626,130.95,114.8,11544,-82082
NSE,FNO,OPTIDX,NIFTY,17/03/2026,25150,PE,0,0.00,0,325,123.16,40027,-325,40027,123.16,116.4,2197,-37830
NSE,FNO,OPTIDX,NIFTY,17/03/2026,25200,PE,65,94.85,6165.25,2470,126.86,313332.5,-2405,307167.25,127.72,133.35,-13539.5,-320706.75
NSE,FNO,OPTIDX,NIFTY,17/03/2026,25250,PE,0,0.00,0,390,137.94,53797.25,-390,53797.25,137.94,138,-22.75,-53820
NSE,FNO,OPTIDX,NIFTY,17/03/2026,25300,PE,520,98.35,51142,1690,149.15,252057,-1170,200915,171.72,152.1,22958,-177957
NSE,FNO,OPTIDX,NIFTY,17/03/2026,25350,PE,65,119.00,7735,195,175.05,34134.75,-130,26399.75,203.08,163.5,5144.75,-21255
NSE,FNO,OPTIDX,NIFTY,17/03/2026,25400,PE,65,273.00,17745,585,155.62,91039,-520,73294,140.95,174.45,-17420,-90714
NSE,FNO,OPTIDX,NIFTY,17/03/2026,25450,CE,65,487.15,31664.75,65,374.50,24342.5,0,-7322.25,0,543.4,-7322.25,0
NSE,FNO,OPTIDX,NIFTY,17/03/2026,25450,PE,0,0.00,0,65,181.30,11784.5,-65,11784.5,181.3,191.45,-659.75,-12444.25
NSE,FNO,OPTIDX,NIFTY,17/03/2026,25500,CE,130,416.18,54102.75,65,390.65,25392.25,65,-28710.5,441.7,505.05,4117.75,32828.25
NSE,FNO,OPTIDX,NIFTY,17/03/2026,25500,PE,1755,234.01,410689.5,3380,193.22,653074.5,-1625,242385,149.16,201.7,-85377.5,-327762.5
NSE,FNO,OPTIDX,NIFTY,17/03/2026,25550,PE,130,266.85,34690.5,0,0.00,0,130,-34690.5,266.85,215.75,-6643,28047.5
NSE,FNO,OPTIDX,NIFTY,17/03/2026,25600,CE,65,305.80,19877,0,0.00,0,65,-19877,305.8,436.75,8511.75,28388.75
NSE,FNO,OPTIDX,NIFTY,17/03/2026,25600,PE,130,265.28,34485.75,260,242.11,62949.25,-130,28463.5,218.95,231.7,-1657.5,-30121
NSE,FNO,OPTIDX,NIFTY,17/03/2026,25650,CE,130,362.60,47138,0,0.00,0,130,-47138,362.6,402.55,5193.5,52331.5
NSE,FNO,OPTIDX,NIFTY,17/03/2026,25650,PE,195,282.33,55055,195,265.07,51688,0,-3367,0,250.45,-3367,0
NSE,FNO,OPTIDX,NIFTY,17/03/2026,25700,CE,0,0.00,0,455,340.81,155070.5,-455,155070.5,340.81,372.35,-14348.75,-169419.25
NSE,FNO,OPTIDX,NIFTY,17/03/2026,25700,PE,910,311.03,283032.75,130,276.65,35964.5,780,-247068.25,316.75,267.5,-38418.25,208650
NSE,FNO,OPTIDX,NIFTY,17/03/2026,25750,CE,130,320.50,41665,195,347.33,67730,-65,26065,401,340.25,3948.75,-22116.25
NSE,FNO,OPTIDX,NIFTY,17/03/2026,25800,CE,0,0.00,0,260,294.46,76560.25,-260,76560.25,294.46,315.3,-5417.75,-81978
NSE,FNO,OPTIDX,NIFTY,17/03/2026,25800,PE,1430,305.64,437063.25,325,293.83,95494.75,1105,-341568.5,309.11,310.3,1313,342881.5
NSE,FNO,OPTIDX,NIFTY,17/03/2026,25850,CE,0,0.00,0,130,218.98,28466.75,-130,28466.75,218.98,275.55,-7354.75,-35821.5
NSE,FNO,OPTIDX,NIFTY,17/03/2026,25850,PE,260,298.94,77723.75,0,0.00,0,260,-77723.75,298.94,329.3,7894.25,85618
NSE,FNO,OPTIDX,NIFTY,17/03/2026,25900,CE,520,229.38,119275,975,219.81,214314.75,-455,95039.75,208.88,256.5,-21667.75,-116707.5
NSE,FNO,OPTIDX,NIFTY,17/03/2026,25900,PE,780,316.71,247035.75,65,338.95,22031.75,715,-225004,314.69,354.45,28427.75,253431.75
NSE,FNO,OPTIDX,NIFTY,17/03/2026,25950,CE,65,221.25,14381.25,130,148.73,19334.25,-65,4953,76.2,232.35,-10149.75,-15102.75
NSE,FNO,OPTIDX,NIFTY,17/03/2026,25950,PE,195,322.32,62851.75,0,0.00,0,195,-62851.75,322.32,389.1,13022.75,75874.5
NSE,FNO,OPTIDX,NIFTY,17/03/2026,26000,CE,1430,183.00,261683.5,1235,199.17,245976.25,195,-15707.25,80.55,208.75,24999,40706.25
NSE,FNO,OPTIDX,NIFTY,17/03/2026,26000,PE,1300,268.38,348894,260,396.95,103207,1040,-245687,236.24,406.45,177021,422708
NSE,FNO,OPTIDX,NIFTY,17/03/2026,26050,CE,65,166.30,10809.5,650,183.01,118953.25,-585,108143.75,184.86,187,-1251.25,-109395
NSE,FNO,OPTIDX,NIFTY,17/03/2026,26100,CE,1365,108.71,148388.5,650,162.12,105374.75,715,-43013.75,60.16,167.15,76498.5,119512.25
NSE,FNO,OPTIDX,NIFTY,17/03/2026,26150,CE,0,0.00,0,780,181.24,141365.25,-780,141365.25,181.24,158.85,17462.25,-123903
NSE,FNO,OPTIDX,NIFTY,17/03/2026,26200,CE,845,116.27,98250.75,2080,136.59,284111.75,-1235,185861,150.49,131.45,23520.25,-162340.75
NSE,FNO,OPTIDX,NIFTY,17/03/2026,26250,CE,260,96.65,25129,650,135.94,88357.75,-390,63228.75,162.13,113.4,19002.75,-44226
NSE,FNO,OPTIDX,NIFTY,17/03/2026,26300,CE,2210,106.35,235040,715,126.36,90350,1495,-144690,96.78,102.3,8248.5,152938.5
NSE,FNO,OPTIDX,NIFTY,17/03/2026,26350,CE,910,92.10,83814.25,0,0.00,0,910,-83814.25,92.1,86.85,-4780.75,79033.5
NSE,FNO,OPTIDX,NIFTY,17/03/2026,26400,CE,650,74.26,48265.75,0,0.00,0,650,-48265.75,74.26,76.25,1296.75,49562.5
NSE,FNO,OPTIDX,NIFTY,17/03/2026,26450,CE,325,57.95,18833.75,0,0.00,0,325,-18833.75,57.95,67.35,3055,21888.75
NSE,FNO,OPTIDX,NIFTY,17/03/2026,26500,CE,5135,63.92,328224,3705,57.36,212530.5,1430,-115693.5,80.9,57.85,-32968,82725.5
NSE,FNO,OPTIDX,NIFTY,17/03/2026,26550,CE,195,57.48,11209.25,0,0.00,0,195,-11209.25,57.48,49.75,-1508,9701.25
NSE,FNO,OPTIDX,NIFTY,17/03/2026,26600,CE,2405,47.33,113818.25,1170,41.75,48844.25,1235,-64974,52.61,42.8,-12116,52858
NSE,FNO,OPTIDX,NIFTY,17/03/2026,26850,CE,0,0.00,0,845,23.33,19711.25,-845,19711.25,23.33,21.7,1374.75,-18336.5
NSE,FNO,OPTIDX,NIFTY,17/03/2026,27000,CE,4615,19.18,88497.5,6110,19.85,121303,-1495,32805.5,21.94,14.8,10679.5,-22126
NSE,FNO,OPTIDX,NIFTY,17/03/2026,27100,CE,520,13.00,6760,1885,14.66,27638,-1365,20878,15.3,12.15,4293.25,-16584.75
NSE,FNO,OPTIDX,NIFTY,17/03/2026,27200,CE,715,11.05,7897.5,2080,11.34,23582,-1365,15684.5,11.49,10.1,1898,-13786.5
NSE,FNO,OPTIDX,NIFTY,17/03/2026,27250,CE,0,0.00,0,130,7.70,1001,-130,1001,7.7,9.25,-201.5,-1202.5
NSE,FNO,OPTIDX,NIFTY,17/03/2026,27400,CE,1235,10.21,12613.25,1495,16.73,25008.75,-260,12395.5,47.68,5.65,10926.5,-1469
NSE,FNO,OPTIDX,NIFTY,17/03/2026,27500,CE,130,7.43,965.25,260,13.15,3419,-130,2453.75,18.88,6.45,1615.25,-838.5
NSE,FNO,OPTIDX,NIFTY,24/03/2026,24200,PE,1690,58.00,98013.5,0,0.00,0,1690,-98013.5,58,49.15,-14950,83063.5
NSE,FNO,OPTIDX,NIFTY,24/03/2026,24300,PE,520,55.58,28902.25,0,0.00,0,520,-28902.25,55.58,55.2,-198.25,28704
NSE,FNO,OPTIDX,NIFTY,24/03/2026,24400,PE,780,64.96,50667.5,65,61.55,4000.75,715,-46666.75,65.27,15.75,-35405.5,11261.25
NSE,FNO,OPTIDX,NIFTY,24/03/2026,24450,PE,195,64.03,12486.5,0,0.00,0,195,-12486.5,64.03,64.1,13,12499.5
NSE,FNO,OPTIDX,NIFTY,24/03/2026,24500,PE,2665,67.17,179013.25,1755,84.73,148697.25,910,-30316,33.31,66.25,29971.5,60287.5
NSE,FNO,OPTIDX,NIFTY,24/03/2026,24550,PE,65,75.55,4910.75,0,0.00,0,65,-4910.75,75.55,70.35,-338,4572.75
NSE,FNO,OPTIDX,NIFTY,24/03/2026,24600,PE,65,53.70,3490.5,0,0.00,0,65,-3490.5,53.7,75.4,1410.5,4901
NSE,FNO,OPTIDX,NIFTY,24/03/2026,24700,PE,195,91.33,17810,130,84.28,10955.75,65,-6854.25,105.45,83.1,-1452.75,5401.5
NSE,FNO,OPTIDX,NIFTY,24/03/2026,24800,PE,195,70.47,13741,195,106.77,20819.5,0,7078.5,0,93.9,7078.5,0
NSE,FNO,OPTIDX,NIFTY,24/03/2026,24900,PE,0,0.00,0,260,128.19,33328.75,-260,33328.75,128.19,109.05,4975.75,-28353
NSE,FNO,OPTIDX,NIFTY,24/03/2026,24950,PE,65,101.35,6587.75,65,122.35,7952.75,0,1365,0,110.1,1365,0
NSE,FNO,OPTIDX,NIFTY,24/03/2026,25000,PE,1365,122.11,166679.5,3575,136.55,488156.5,-2210,321477,145.46,120.05,56166.5,-265310.5
NSE,FNO,OPTIDX,NIFTY,24/03/2026,25050,PE,65,88.40,5746,0,0.00,0,65,-5746,88.4,84.35,-263.25,5482.75
NSE,FNO,OPTIDX,NIFTY,24/03/2026,25100,PE,260,107.25,27885,130,147.25,19142.5,130,-8742.5,67.25,132.15,8437,17179.5
NSE,FNO,OPTIDX,NIFTY,24/03/2026,25150,PE,0,0.00,0,65,164.60,10699,-65,10699,164.6,104.6,3900,-6799
NSE,FNO,OPTIDX,NIFTY,24/03/2026,25200,PE,0,0.00,0,845,180.73,152714.25,-845,152714.25,180.73,154,22584.25,-130130
NSE,FNO,OPTIDX,NIFTY,24/03/2026,25300,PE,130,154.75,20117.5,65,189.25,12301.25,65,-7816.25,120.25,175.4,3584.75,11401
NSE,FNO,OPTIDX,NIFTY,24/03/2026,25400,PE,130,285.00,37050,260,232.94,60563.75,-130,23513.75,180.88,199.45,-2414.75,-25928.5
NSE,FNO,OPTIDX,NIFTY,24/03/2026,25450,PE,0,0.00,0,65,214.00,13910,-65,13910,214,214.2,-13,-13923
NSE,FNO,OPTIDX,NIFTY,24/03/2026,25500,PE,520,204.70,106444,1040,210.54,218959,-520,112515,216.38,227.65,-5863,-118378
NSE,FNO,OPTIDX,NIFTY,24/03/2026,25550,PE,0,0.00,0,130,241.25,31362.5,-130,31362.5,241.25,247.1,-760.5,-32123
NSE,FNO,OPTIDX,NIFTY,24/03/2026,25600,PE,520,246.19,128020.75,845,275.27,232602.5,-325,104581.75,321.79,257.75,20813,-83768.75
NSE,FNO,OPTIDX,NIFTY,24/03/2026,25700,PE,260,280.25,72865,260,261.16,67902.25,0,-4962.75,0,291.7,-4962.75,0
NSE,FNO,OPTIDX,NIFTY,24/03/2026,25750,CE,0,0.00,0,65,273.20,17758,-65,17758,273.2,390.85,-7647.25,-25405.25
NSE,FNO,OPTIDX,NIFTY,24/03/2026,25750,PE,130,413.15,53709.5,130,289.75,37667.5,0,-16042,0,313.5,-16042,0
NSE,FNO,OPTIDX,NIFTY,24/03/2026,25800,CE,0,0.00,0,260,372.96,96970.25,-260,96970.25,372.96,361.05,3097.25,-93873
NSE,FNO,OPTIDX,NIFTY,24/03/2026,25800,PE,65,371.40,24141,65,276.00,17940,0,-6201,0,331.65,-6201,0
NSE,FNO,OPTIDX,NIFTY,24/03/2026,25900,CE,845,310.22,262138.5,780,330.56,257835.5,65,-4303,66.2,306.35,15609.75,19912.75
NSE,FNO,OPTIDX,NIFTY,24/03/2026,25900,PE,780,334.70,261062.75,715,365.65,261439.75,65,377,-5.8,374.45,24716.25,24339.25
NSE,FNO,OPTIDX,NIFTY,24/03/2026,26000,CE,715,192.99,137985.25,1430,221.05,316108,-715,178122.75,249.12,252.7,-2557.75,-180680.5
NSE,FNO,OPTIDX,NIFTY,24/03/2026,26100,CE,260,158.59,41232.75,65,138.30,8989.5,195,-32243.25,165.35,204.55,7644,39887.25
NSE,FNO,OPTIDX,NIFTY,24/03/2026,26150,CE,0,0.00,0,65,179.25,11651.25,-65,11651.25,179.25,209.1,-1940.25,-13591.5
NSE,FNO,OPTIDX,NIFTY,24/03/2026,26200,CE,195,142.80,27846,0,0.00,0,195,-27846,142.8,166.25,4572.75,32418.75
NSE,FNO,OPTIDX,NIFTY,24/03/2026,26250,CE,0,0.00,0,65,148.35,9642.75,-65,9642.75,148.35,148.3,3.25,-9639.5
NSE,FNO,OPTIDX,NIFTY,24/03/2026,26300,CE,0,0.00,0,65,142.25,9246.25,-65,9246.25,142.25,133.6,562.25,-8684
NSE,FNO,OPTIDX,NIFTY,24/03/2026,26400,CE,2210,92.55,204538.75,780,126.26,98484.75,1430,-106054,74.16,105.8,45240,151294
NSE,FNO,OPTIDX,NIFTY,24/03/2026,26500,CE,2210,74.65,164979.75,715,82.21,58779.5,1495,-106200.25,71.04,81.9,16240.25,122440.5
NSE,FNO,OPTIDX,NIFTY,24/03/2026,26650,CE,325,60.88,19786,65,53.70,3490.5,260,-16295.5,62.68,55.2,-1943.5,14352
NSE,FNO,OPTIDX,NIFTY,24/03/2026,26700,CE,1560,51.65,80570.75,910,46.28,42113.5,650,-38457.25,59.17,48.3,-7062.25,31395
NSE,FNO,OPTIDX,NIFTY,24/03/2026,26850,CE,715,34.55,24703.25,845,35.53,30020.25,-130,5317,40.9,32.2,1131,-4186
NSE,FNO,OPTIDX,NIFTY,24/03/2026,27000,CE,1950,24.27,47320,2405,24.68,59351.5,-455,12031.5,26.44,22.25,1907.75,-10123.75
NSE,FNO,OPTIDX,NIFTY,30/03/2026,23500,PE,585,54.21,31713.5,585,132.75,77658.75,0,45945.25,0,34.85,45945.25,0
NSE,FNO,OPTIDX,NIFTY,30/03/2026,23550,PE,130,43.35,5635.5,130,132.65,17244.5,0,11609,0,36.7,11609,0
NSE,FNO,OPTIDX,NIFTY,30/03/2026,23600,PE,65,139.30,9054.5,65,135.00,8775,0,-279.5,0,37.95,-279.5,0
NSE,FNO,OPTIDX,NIFTY,30/03/2026,23650,PE,195,119.17,23237.5,195,142.93,27872,0,4634.5,0,39.35,4634.5,0
NSE,FNO,OPTIDX,NIFTY,30/03/2026,23700,PE,520,122.98,63947,520,94.71,49250.5,0,-14696.5,0,41.25,-14696.5,0
NSE,FNO,OPTIDX,NIFTY,30/03/2026,23750,PE,325,72.48,23556,325,146.55,47628.75,0,24072.75,0,41.65,24072.75,0
NSE,FNO,OPTIDX,NIFTY,30/03/2026,23800,PE,1495,120.87,180706.5,1495,52.00,77740,0,-102966.5,0,43.3,-102966.5,0
NSE,FNO,OPTIDX,NIFTY,30/03/2026,23850,PE,455,120.77,54951,455,32.27,14683.5,0,-40267.5,0,45.4,-40267.5,0
NSE,FNO,OPTIDX,NIFTY,30/03/2026,23900,PE,455,121.31,55198,455,182.59,83076.5,0,27878.5,0,47.05,27878.5,0
NSE,FNO,OPTIDX,NIFTY,30/03/2026,23950,PE,195,90.33,17615,195,178.70,34846.5,0,17231.5,0,48.9,17231.5,0
NSE,FNO,OPTIDX,NIFTY,30/03/2026,24000,PE,5590,76.94,430072.5,5590,132.79,742306.5,0,312234,0,50.6,312234,0
NSE,FNO,OPTIDX,NIFTY,30/03/2026,24050,PE,3185,106.89,340453.75,3185,95.29,303511,0,-36942.75,0,53.25,-36942.75,0
NSE,FNO,OPTIDX,NIFTY,30/03/2026,24100,PE,6240,104.81,654004,6240,88.15,550046.25,0,-103957.75,0,56.25,-103957.75,0
NSE,FNO,OPTIDX,NIFTY,30/03/2026,24150,PE,845,112.85,95361.5,780,63.45,49491,65,-45870.5,705.7,57.55,-42129.75,3740.75
NSE,FNO,OPTIDX,NIFTY,30/03/2026,24200,PE,7670,107.90,827563.75,7670,108.42,831574.25,0,4010.5,0,60.1,4010.5,0
NSE,FNO,OPTIDX,NIFTY,30/03/2026,24250,PE,1495,115.93,173316,1170,98.41,115141,325,-58175,179,62.9,-37732.5,20442.5
NSE,FNO,OPTIDX,NIFTY,30/03/2026,24300,PE,15665,90.41,1416255.75,14950,134.35,2008457.75,715,592202,-828.25,65.4,638963,46761
NSE,FNO,OPTIDX,NIFTY,30/03/2026,24350,PE,4355,88.73,386418.5,3705,70.54,261332.5,650,-125086,192.44,67.2,-81406,43680
NSE,FNO,OPTIDX,NIFTY,30/03/2026,24400,PE,10140,92.46,937511.25,9555,88.18,842575.5,585,-94935.75,162.28,71.75,-52962,41973.75
NSE,FNO,OPTIDX,NIFTY,30/03/2026,24450,PE,4485,94.53,423956,3835,78.29,300241.5,650,-123714.5,190.33,75.9,-74379.5,49335
NSE,FNO,OPTIDX,NIFTY,30/03/2026,24500,PE,15210,87.94,1337641.5,14560,105.80,1540487,650,202845.5,-312.07,78.65,253968,51122.5
NSE,FNO,OPTIDX,NIFTY,30/03/2026,24550,PE,4030,104.19,419870.75,3445,85.63,294992.75,585,-124878,213.47,82.95,-76352.25,48525.75
NSE,FNO,OPTIDX,NIFTY,30/03/2026,24600,PE,15470,91.70,1418673.75,15080,122.14,1841918,390,423244.25,-1085.24,86.8,457096.25,33852
NSE,FNO,OPTIDX,NIFTY,30/03/2026,24650,PE,2990,141.98,424518.25,2470,126.18,311655.5,520,-112862.75,217.04,90.85,-65620.75,47242
NSE,FNO,OPTIDX,NIFTY,30/03/2026,24700,PE,12480,125.49,1566155.5,11960,172.54,2063581,520,497425.5,-956.59,96.75,547735.5,50310
NSE,FNO,OPTIDX,NIFTY,30/03/2026,24750,PE,3055,162.03,494994.5,2925,126.56,370188,130,-124806.5,960.05,101.7,-111585.5,13221
NSE,FNO,OPTIDX,NIFTY,30/03/2026,24800,PE,13910,104.74,1456952.25,14495,157.67,2285458.5,-585,828506.25,1416.25,107.45,765648,-62858.25
NSE,FNO,OPTIDX,NIFTY,30/03/2026,24850,PE,3705,111.95,414774.75,3445,140.79,485026.75,260,70252,-270.2,112.4,99476,29224
NSE,FNO,OPTIDX,NIFTY,30/03/2026,24900,CE,585,552.96,323479,325,1015.01,329878.25,260,6399.25,-24.61,1080,287199.25,280800
NSE,FNO,OPTIDX,NIFTY,30/03/2026,24900,PE,7475,97.36,727740,7475,158.88,1187654,0,459914,0,120.05,459914,0
NSE,FNO,OPTIDX,NIFTY,30/03/2026,24950,CE,260,554.66,144212.25,130,1290.55,167771.5,130,23559.25,-181.23,1034.35,158024.75,134465.5
NSE,FNO,OPTIDX,NIFTY,30/03/2026,24950,PE,3445,116.26,400500.75,4030,208.48,840154.25,-585,439653.5,751.54,126.85,365446.25,-74207.25
NSE,FNO,OPTIDX,NIFTY,30/03/2026,25000,CE,260,829.25,215605,260,501.18,130305.5,0,-85299.5,0,986.35,-85299.5,0
NSE,FNO,OPTIDX,NIFTY,30/03/2026,25000,PE,21970,149.72,3289325,24115,229.52,5534886.5,-2145,2245561.5,1046.88,134.4,1957273.5,-288288
NSE,FNO,OPTIDX,NIFTY,30/03/2026,25050,CE,260,496.75,129155,130,646.20,84006,130,-45149,347.3,897.5,71526,116675
NSE,FNO,OPTIDX,NIFTY,30/03/2026,25050,PE,1690,134.42,227168.5,3575,205.37,734207.5,-1885,507039,268.99,141.85,239651.75,-267387.25
NSE,FNO,OPTIDX,NIFTY,30/03/2026,25100,PE,7930,237.74,1885266.5,10465,250.04,2616714.75,-2535,731448.25,288.54,150.65,349550.5,-381897.75
NSE,FNO,OPTIDX,NIFTY,30/03/2026,25150,CE,650,515.75,335234.25,130,633.83,82397.25,520,-252837,486.23,819.75,173433,426270
NSE,FNO,OPTIDX,NIFTY,30/03/2026,25150,PE,2080,113.10,235241.5,3315,212.40,704106,-1235,468864.5,379.65,158.8,272746.5,-196118
NSE,FNO,OPTIDX,NIFTY,30/03/2026,25200,CE,845,524.47,443173.25,130,407.03,52913.25,715,-390260,545.82,824.2,199043,589303
NSE,FNO,OPTIDX,NIFTY,30/03/2026,25200,PE,12155,340.79,4142300.5,14755,196.93,2905698.25,-2600,-1236602.25,-475.62,168.6,-1674962.25,-438360
NSE,FNO,OPTIDX,NIFTY,30/03/2026,25250,CE,455,527.71,240110,325,592.93,192702.25,130,-47407.75,364.68,745.3,49481.25,96889
NSE,FNO,OPTIDX,NIFTY,30/03/2026,25250,PE,1820,173.89,316472,4550,227.92,1037049,-2730,720577,263.95,178.4,233545,-487032
NSE,FNO,OPTIDX,NIFTY,30/03/2026,25300,CE,65,519.85,33790.25,65,513.45,33374.25,0,-416,0,745.65,-416,0
NSE,FNO,OPTIDX,NIFTY,30/03/2026,25300,PE,2795,391.10,1093118,5200,215.88,1122550,-2405,29432,12.24,189,-425113,-454545
NSE,FNO,OPTIDX,NIFTY,30/03/2026,25350,CE,520,501.39,260724.75,520,530.18,275691,0,14966.25,0,712.4,14966.25,0
NSE,FNO,OPTIDX,NIFTY,30/03/2026,25350,PE,520,252.77,131439.75,2990,232.86,696247.5,-2470,564807.75,228.67,201.65,66732.25,-498075.5
NSE,FNO,OPTIDX,NIFTY,30/03/2026,25400,CE,325,492.75,160143.75,325,334.88,108836,0,-51307.75,0,673.45,-51307.75,0
NSE,FNO,OPTIDX,NIFTY,30/03/2026,25400,PE,5395,273.34,1474681,7930,250.26,1984544.25,-2535,509863.25,201.13,212.9,-29838.25,-539701.5
NSE,FNO,OPTIDX,NIFTY,30/03/2026,25450,CE,455,523.22,238065.75,455,585.27,266298.5,0,28232.75,0,634.65,28232.75,0
NSE,FNO,OPTIDX,NIFTY,30/03/2026,25450,PE,715,424.24,303329,2665,228.62,609264.5,-1950,305935.5,156.89,227.55,-137787,-443722.5
NSE,FNO,OPTIDX,NIFTY,30/03/2026,25500,CE,3250,506.76,1646966.75,3250,487.74,1585164.75,0,-61802,0,599.85,-61802,0
NSE,FNO,OPTIDX,NIFTY,30/03/2026,25500,PE,11245,262.70,2954012.75,15145,244.50,3702933,-3900,748920.25,192.03,241,-190979.75,-939900
NSE,FNO,OPTIDX,NIFTY,30/03/2026,25550,CE,65,485.40,31551,65,307.75,20003.75,0,-11547.25,0,564.15,-11547.25,0
NSE,FNO,OPTIDX,NIFTY,30/03/2026,25550,PE,2340,477.11,1116446.5,3380,214.67,725578.75,-1040,-390867.75,-375.83,255.65,-656743.75,-265876
NSE,FNO,OPTIDX,NIFTY,30/03/2026,25600,CE,390,473.41,184629.25,390,424.83,165681.75,0,-18947.5,0,529.55,-18947.5,0
NSE,FNO,OPTIDX,NIFTY,30/03/2026,25600,PE,2795,438.94,1226836,4225,273.84,1156974,-1430,-69862,-48.85,271.3,-457821,-387959
NSE,FNO,OPTIDX,NIFTY,30/03/2026,25650,CE,390,654.43,255225.75,390,382.25,149077.5,0,-106148.25,0,498.75,-106148.25,0
NSE,FNO,OPTIDX,NIFTY,30/03/2026,25650,PE,2925,472.57,1382264,3705,230.04,852296.25,-780,-529967.75,-679.45,287.65,-754334.75,-224367
NSE,FNO,OPTIDX,NIFTY,30/03/2026,25700,CE,975,382.63,373064.25,975,426.25,415597,0,42532.75,0,464.35,42532.75,0
NSE,FNO,OPTIDX,NIFTY,30/03/2026,25700,PE,9750,422.57,4120057.5,7800,246.78,1924871,1950,-2195186.5,1125.74,304.1,-1602191.5,592995
NSE,FNO,OPTIDX,NIFTY,30/03/2026,25750,CE,975,531.16,517884.25,1040,356.67,370932.25,-65,-146952,-2260.8,431.7,-175012.5,-28060.5
NSE,FNO,OPTIDX,NIFTY,30/03/2026,25750,PE,6175,446.93,2759763.5,4225,291.08,1229829.25,1950,-1529934.25,784.58,322.9,-900279.25,629655
NSE,FNO,OPTIDX,NIFTY,30/03/2026,25800,CE,1625,366.63,595777,1885,425.39,801859.5,-260,206082.5,792.63,404.8,100834.5,-105248
NSE,FNO,OPTIDX,NIFTY,30/03/2026,25800,PE,9685,415.33,4022460,7995,282.02,2254778.5,1690,-1767681.5,1045.97,341.95,-1189786,577895.5
NSE,FNO,OPTIDX,NIFTY,30/03/2026,25850,CE,2080,252.93,526087.25,1755,366.31,642869.5,325,116782.25,-359.33,375.6,238852.25,122070
NSE,FNO,OPTIDX,NIFTY,30/03/2026,25850,PE,3055,395.03,1206819.25,780,285.08,222365,2275,-984454.25,432.73,361.1,-162951.75,821502.5
NSE,FNO,OPTIDX,NIFTY,30/03/2026,25900,CE,1820,262.79,478273.25,1625,294.87,479170.25,195,897,-4.6,346.05,68376.75,67479.75
NSE,FNO,OPTIDX,NIFTY,30/03/2026,25900,PE,3705,414.74,1536606.5,1625,293.76,477356.75,2080,-1059249.75,509.25,383.9,-260737.75,798512
NSE,FNO,OPTIDX,NIFTY,30/03/2026,25950,CE,780,400.37,312286,520,367.36,191028.5,260,-121257.5,466.38,319.2,-38265.5,82992
NSE,FNO,OPTIDX,NIFTY,30/03/2026,25950,PE,520,429.26,223216.5,260,306.59,79712.75,260,-143503.75,551.94,406.7,-37761.75,105742
NSE,FNO,OPTIDX,NIFTY,30/03/2026,26000,CE,17615,291.45,5133953.5,19370,297.16,5756032.75,-1755,622079.25,354.46,292.8,108215.25,-513864
NSE,FNO,OPTIDX,NIFTY,30/03/2026,26000,PE,4690,450.57,2113173,4440,424.30,1883885.25,250,-229287.75,917.15,431.55,-121400.25,107887.5
NSE,FNO,OPTIDX,NIFTY,30/03/2026,26050,CE,585,186.58,109151.25,390,287.13,111982,195,2830.75,-14.52,267.75,55042,52211.25
NSE,FNO,OPTIDX,NIFTY,30/03/2026,26050,PE,2600,487.08,1266414.5,520,425.11,221055.25,2080,-1045359.25,502.58,458.15,-92407.25,952952
NSE,FNO,OPTIDX,NIFTY,30/03/2026,26100,CE,6045,154.23,932314.5,4875,309.28,1507756.25,1170,575441.75,-491.83,244.05,860980.25,285538.5
NSE,FNO,OPTIDX,NIFTY,30/03/2026,26100,PE,2080,431.85,898251.25,130,551.33,71672.25,1950,-826579,423.89,476.85,103278.5,929857.5
NSE,FNO,OPTIDX,NIFTY,30/03/2026,26150,CE,1235,164.73,203446.75,325,243.20,79040,910,-124406.75,136.71,222.85,78386.75,202793.5
NSE,FNO,OPTIDX,NIFTY,30/03/2026,26150,PE,1625,485.76,789366.5,65,386.60,25129,1560,-764237.5,489.9,549.25,92592.5,856830
NSE,FNO,OPTIDX,NIFTY,30/03/2026,26200,CE,7995,216.36,1729780,6110,236.89,1447420,1885,-282360,149.79,201.65,97750.25,380110.25
NSE,FNO,OPTIDX,NIFTY,30/03/2026,26200,PE,780,399.24,311408.5,0,0.00,0,780,-311408.5,399.24,537.15,107568.5,418977
NSE,FNO,OPTIDX,NIFTY,30/03/2026,26250,CE,2925,187.31,547875.25,1560,244.94,382105.75,1365,-165769.5,121.44,182.4,83206.5,248976
NSE,FNO,OPTIDX,NIFTY,30/03/2026,26250,PE,1625,412.68,670611.5,130,428.33,55682.25,1495,-614929.25,411.32,566.15,231465,846394.25
NSE,FNO,OPTIDX,NIFTY,30/03/2026,26300,CE,9360,187.55,1755425.75,7345,271.55,1994538,2015,239112.25,-118.67,164.8,571184.25,332072
NSE,FNO,OPTIDX,NIFTY,30/03/2026,26300,PE,1105,412.61,455939.25,0,0.00,0,1105,-455939.25,412.61,589.7,195679.25,651618.5
NSE,FNO,OPTIDX,NIFTY,30/03/2026,26350,CE,5980,156.14,933705.5,4550,180.37,820670.5,1430,-113035,79.05,148.35,99105.5,212140.5
NSE,FNO,OPTIDX,NIFTY,30/03/2026,26400,CE,16900,149.98,2534649,14820,173.47,2570886.5,2080,36237.5,-17.42,131.75,310277.5,274040
NSE,FNO,OPTIDX,NIFTY,30/03/2026,26450,CE,3185,125.89,400955.75,1690,148.96,251735.25,1495,-149220.5,99.81,117.8,26890.5,176111
NSE,FNO,OPTIDX,NIFTY,30/03/2026,26500,CE,11960,117.27,1402511.5,10530,131.84,1388325.25,1430,-14186.25,9.92,105.8,137107.75,151294
NSE,FNO,OPTIDX,NIFTY,30/03/2026,26550,CE,3055,113.54,346879,1950,91.27,177979.75,1105,-168899.25,152.85,94.4,-64587.25,104312
NSE,FNO,OPTIDX,NIFTY,30/03/2026,26600,CE,10335,121.19,1252517.5,9490,84.19,799009.25,845,-453508.25,536.7,83.95,-382570.5,70937.75
NSE,FNO,OPTIDX,NIFTY,30/03/2026,26650,CE,4940,143.30,707879.25,4290,75.95,325809.25,650,-382070,587.8,74.7,-333515,48555
NSE,FNO,OPTIDX,NIFTY,30/03/2026,26700,CE,14170,106.52,1509449.5,13390,74.22,993820.75,780,-515628.75,661.06,65.55,-464499.75,51129
NSE,FNO,OPTIDX,NIFTY,30/03/2026,26750,CE,6370,131.45,837333.25,6110,77.54,473742.75,260,-363590.5,1398.43,58.35,-348419.5,15171
NSE,FNO,OPTIDX,NIFTY,30/03/2026,26800,CE,15860,84.46,1339507,15665,74.71,1170321.75,195,-169185.25,867.62,51,-159240.25,9945
NSE,FNO,OPTIDX,NIFTY,30/03/2026,26850,CE,7150,114.14,816081.5,7410,76.27,565158.75,-260,-250922.75,-965.09,45.75,-262817.75,-11895
NSE,FNO,OPTIDX,NIFTY,30/03/2026,26900,CE,15275,63.57,971080.5,15730,56.78,893074,-455,-78006.5,-171.44,40,-96206.5,-18200
NSE,FNO,OPTIDX,NIFTY,30/03/2026,26950,CE,3640,73.93,269109.75,4680,50.64,236993.25,-1040,-32116.5,-30.88,35.7,-69244.5,-37128
NSE,FNO,OPTIDX,NIFTY,30/03/2026,27000,CE,40365,79.15,3194896.25,42270,70.39,2975316.5,-1905,-219579.75,-115.26,32.2,-280920.75,-61341
NSE,FNO,OPTIDX,NIFTY,30/03/2026,27050,CE,5005,58.45,292526,6825,48.48,330905.25,-1820,38379.25,21.09,28.55,-13581.75,-51961
NSE,FNO,OPTIDX,NIFTY,30/03/2026,27100,CE,13130,44.16,579770.75,14755,39.45,582153,-1625,2382.25,1.47,25.3,-38730.25,-41112.5
NSE,FNO,OPTIDX,NIFTY,30/03/2026,27150,CE,5590,56.90,318080.75,7800,45.04,351344.5,-2210,33263.75,15.05,23.05,-17676.75,-50940.5
NSE,FNO,OPTIDX,NIFTY,30/03/2026,27200,CE,22750,40.92,930995,25675,42.33,1086774,-2925,155779,53.26,21.15,93915.25,-61863.75
NSE,FNO,OPTIDX,NIFTY,30/03/2026,27250,CE,4940,30.29,149646.25,7800,30.01,234094.25,-2860,84448,29.53,19.25,29393,-55055
NSE,FNO,OPTIDX,NIFTY,30/03/2026,27300,CE,20085,30.61,614802.5,22490,31.53,709033,-2405,94230.5,39.18,17,53345.5,-40885
NSE,FNO,OPTIDX,NIFTY,30/03/2026,27350,CE,6305,21.12,133139.5,9295,27.39,254549.75,-2990,121410.25,40.61,16.05,73420.75,-47989.5
NSE,FNO,OPTIDX,NIFTY,30/03/2026,27400,CE,13845,24.37,337376,15925,27.33,435162,-2080,97786,47.01,14,68666,-29120
NSE,FNO,OPTIDX,NIFTY,30/03/2026,27450,CE,2990,25.48,76189.75,5850,26.96,157735.5,-2860,81545.75,28.51,13.65,42506.75,-39039
NSE,FNO,OPTIDX,NIFTY,30/03/2026,27500,CE,15080,23.55,355082,17745,25.73,456537.25,-2665,101455.25,38.07,12.35,68542.5,-32912.75
NSE,FNO,OPTIDX,NIFTY,30/03/2026,27550,CE,1755,22.56,39594.75,4225,27.00,114055.5,-2470,74460.75,30.15,12.2,44326.75,-30134
NSE,FNO,OPTIDX,NIFTY,30/03/2026,27600,CE,2080,17.22,35821.5,4485,29.11,130539.5,-2405,94718,39.38,10.85,68623.75,-26094.25
NSE,FNO,OPTIDX,NIFTY,30/03/2026,27650,CE,1105,16.08,17771,4030,25.80,103987,-2925,86216,29.48,10,56966,-29250
NSE,FNO,OPTIDX,NIFTY,30/03/2026,27700,CE,65,15.95,1036.75,1365,25.53,34843.25,-1300,33806.5,26.01,9.55,21391.5,-12415
NSE,FNO,OPTIDX,NIFTY,31/03/2026,26000,PE,900,336.70,303026.25,900,386.12,347505,0,44478.75,0,0,44478.75,0
NSE,FNO,OPTIDX,NIFTY,31/03/2026,27000,CE,975,387.96,378258.75,975,460.54,449028.75,0,70770,0,0,70770,0
NSE,FNO,OPTIDX,NIFTY,28/04/2026,23800,PE,65,210.85,13705.25,65,174.10,11316.5,0,-2388.75,0,68.7,-2388.75,0
NSE,FNO,OPTIDX,NIFTY,28/04/2026,23900,PE,650,169.81,110376.5,455,89.08,40530.75,195,-69845.75,358.18,74.05,-55406,14439.75
NSE,FNO,OPTIDX,NIFTY,28/04/2026,24000,PE,6890,195.20,1344947.5,6890,224.49,1546766,0,201818.5,0,81.4,201818.5,0
NSE,FNO,OPTIDX,NIFTY,28/04/2026,24100,PE,390,188.59,73550.75,390,146.60,57174,0,-16376.75,0,84.85,-16376.75,0
NSE,FNO,OPTIDX,NIFTY,28/04/2026,24150,PE,130,160.85,20910.5,0,0.00,0,130,-20910.5,160.85,89.15,-9321,11589.5
NSE,FNO,OPTIDX,NIFTY,28/04/2026,24200,PE,520,172.01,89446.5,520,262.05,136266,0,46819.5,0,91.55,46819.5,0
NSE,FNO,OPTIDX,NIFTY,28/04/2026,24250,PE,1365,138.65,189254,195,123.80,24141,1170,-165113,141.12,48.95,-107841.5,57271.5
NSE,FNO,OPTIDX,NIFTY,28/04/2026,24300,PE,5460,127.35,695357,1495,119.47,178613.5,3965,-516743.5,130.33,100.25,-119252.25,397491.25
NSE,FNO,OPTIDX,NIFTY,28/04/2026,24350,PE,3445,130.49,449536.75,195,134.65,26256.75,3250,-423280,130.24,106.2,-78130,345150
NSE,FNO,OPTIDX,NIFTY,28/04/2026,24400,PE,11180,123.63,1382231.5,6630,172.00,1140356.75,4550,-241874.75,53.16,108.1,249980.25,491855
NSE,FNO,OPTIDX,NIFTY,28/04/2026,24450,PE,6825,118.35,807706.25,3250,126.80,412096.75,3575,-395609.5,110.66,113.55,10331.75,405941.25
NSE,FNO,OPTIDX,NIFTY,28/04/2026,24500,PE,13130,139.42,1830643.75,12480,159.69,1992870.75,650,162227,-249.58,122.15,241624.5,79397.5
NSE,FNO,OPTIDX,NIFTY,28/04/2026,24550,PE,5915,126.04,745517.5,2210,135.42,299273,3705,-446244.5,120.44,124,13175.5,459420
NSE,FNO,OPTIDX,NIFTY,28/04/2026,24600,PE,19565,132.11,2584650.25,14885,159.91,2380222,4680,-204428.25,43.68,129.1,399759.75,604188
NSE,FNO,OPTIDX,NIFTY,28/04/2026,24650,PE,4420,144.67,639440.75,715,149.05,106567.5,3705,-532873.25,143.83,137.3,-24176.75,508696.5
NSE,FNO,OPTIDX,NIFTY,28/04/2026,24700,PE,18655,137.18,2559069.5,14040,180.14,2529224.75,4615,-29844.75,6.47,141.15,621562.5,651407.25
NSE,FNO,OPTIDX,NIFTY,28/04/2026,24750,PE,3445,150.67,519041.25,520,184.91,96154.5,2925,-422886.75,144.58,113.15,-91923,330963.75
NSE,FNO,OPTIDX,NIFTY,28/04/2026,24800,PE,28730,142.69,4099569.5,24310,178.72,4344668.25,4420,245098.75,-55.45,155,930198.75,685100
NSE,FNO,OPTIDX,NIFTY,28/04/2026,24850,PE,5980,134.00,801323.25,3770,194.71,734051.5,2210,-67271.75,30.44,131.55,223453.75,290725.5
NSE,FNO,OPTIDX,NIFTY,28/04/2026,24900,PE,26845,137.64,3694977,23335,213.40,4979682.5,3510,1284705.5,-366.01,170.6,1883511.5,598806
NSE,FNO,OPTIDX,NIFTY,28/04/2026,24950,PE,2340,227.61,532616.5,2275,219.60,499596.5,65,-33020,508,152.25,-23123.75,9896.25
NSE,FNO,OPTIDX,NIFTY,28/04/2026,25000,PE,31915,200.21,6389714.5,35295,216.16,7629384.75,-3380,1239670.25,366.77,191.75,591555.25,-648115
NSE,FNO,OPTIDX,NIFTY,28/04/2026,25050,PE,715,187.06,133750.5,1235,246.37,304265,-520,170514.5,327.91,200.75,66124.5,-104390
NSE,FNO,OPTIDX,NIFTY,28/04/2026,25100,CE,195,645.77,125924.5,0,0.00,0,195,-125924.5,645.77,1041.55,77177.75,203102.25
NSE,FNO,OPTIDX,NIFTY,28/04/2026,25100,PE,8125,275.24,2236299,11050,253.04,2796144,-2925,559845,191.4,208.4,-49725,-609570
NSE,FNO,OPTIDX,NIFTY,28/04/2026,25150,PE,585,256.67,150153.25,2665,274.09,730457,-2080,580303.75,278.99,215.3,132479.75,-447824
NSE,FNO,OPTIDX,NIFTY,28/04/2026,25200,CE,2795,621.05,1735825,0,0.00,0,2795,-1735825,621.05,1022.25,1121363.75,2857188.75
NSE,FNO,OPTIDX,NIFTY,28/04/2026,25200,PE,3185,280.04,891936.5,8125,257.44,2091680.5,-4940,1199744,242.86,231.4,56628,-1143116
NSE,FNO,OPTIDX,NIFTY,28/04/2026,25250,CE,260,568.60,147836,65,618.60,40209,195,-107627,551.93,992.65,85939.75,193566.75
NSE,FNO,OPTIDX,NIFTY,28/04/2026,25250,PE,325,330.19,107311.75,3380,262.49,887217.5,-3055,779905.75,255.29,228.85,80769,-699136.75
NSE,FNO,OPTIDX,NIFTY,28/04/2026,25300,CE,975,621.02,605494.5,65,904.60,58799,910,-546695.5,600.76,947.75,315757,862452.5
NSE,FNO,OPTIDX,NIFTY,28/04/2026,25300,PE,2145,409.06,877441.5,8710,231.56,2016855.75,-6565,1139414.25,173.56,257.65,-552058,-1691472.25
NSE,FNO,OPTIDX,NIFTY,28/04/2026,25350,CE,260,616.39,160260.75,0,0.00,0,260,-160260.75,616.39,865.95,64886.25,225147
NSE,FNO,OPTIDX,NIFTY,28/04/2026,25350,PE,455,434.05,197492.75,4160,275.22,1144916.5,-3705,947423.75,255.71,259.65,-14579.5,-962003.25
NSE,FNO,OPTIDX,NIFTY,28/04/2026,25400,CE,1365,513.78,701304.5,325,792.66,257614.5,1040,-443690,426.63,884.8,476502,920192
NSE,FNO,OPTIDX,NIFTY,28/04/2026,25400,PE,910,393.37,357968,5850,278.89,1631483.75,-4940,1273515.75,257.8,279.45,-106967.25,-1380483
NSE,FNO,OPTIDX,NIFTY,28/04/2026,25450,CE,130,577.03,75013.25,130,877.93,114130.25,0,39117,0,850.55,39117,0
NSE,FNO,OPTIDX,NIFTY,28/04/2026,25450,PE,260,505.80,131508,4810,258.54,1243586.5,-4550,1112078.5,244.41,293.3,-222436.5,-1334515
NSE,FNO,OPTIDX,NIFTY,28/04/2026,25500,CE,1365,745.66,1017831.75,1365,451.87,616807.75,0,-401024,0,810.65,-401024,0
NSE,FNO,OPTIDX,NIFTY,28/04/2026,25500,PE,19825,371.36,7362134,28470,307.72,8760700,-8645,1398566,161.78,308.4,-1267552,-2666118
NSE,FNO,OPTIDX,NIFTY,28/04/2026,25550,CE,325,622.89,202439.25,65,697.75,45353.75,260,-157085.5,604.18,738.05,34807.5,191893
NSE,FNO,OPTIDX,NIFTY,28/04/2026,25550,PE,195,265.93,51857,4355,293.11,1276473.25,-4160,1224616.25,294.38,322.7,-117815.75,-1342432
NSE,FNO,OPTIDX,NIFTY,28/04/2026,25600,CE,1885,574.73,1083358.25,325,668.21,217168.25,1560,-866190,555.25,734.4,279474,1145664
NSE,FNO,OPTIDX,NIFTY,28/04/2026,25600,PE,4550,447.07,2034184.75,8255,291.50,2406345.5,-3705,372160.75,100.45,336.3,-873830.75,-1245991.5
NSE,FNO,OPTIDX,NIFTY,28/04/2026,25650,CE,455,562.68,256018.75,325,729.52,237094,130,-18924.75,145.58,678.55,69286.75,88211.5
NSE,FNO,OPTIDX,NIFTY,28/04/2026,25650,PE,585,353.97,207073.75,2860,309.23,884386.75,-2275,677313,297.72,352.7,-125079.5,-802392.5
NSE,FNO,OPTIDX,NIFTY,28/04/2026,25700,CE,2015,570.02,1148585.75,1105,594.83,657289.75,910,-491296,539.89,671.25,119541.5,610837.5
NSE,FNO,OPTIDX,NIFTY,28/04/2026,25700,PE,9035,539.31,4872708.75,12610,333.47,4205087.25,-3575,-667621.5,-186.75,370.4,-1991801.5,-1324180
NSE,FNO,OPTIDX,NIFTY,28/04/2026,25750,CE,195,459.53,89609,195,538.83,105072.5,0,15463.5,0,636.8,15463.5,0
NSE,FNO,OPTIDX,NIFTY,28/04/2026,25750,PE,130,398.15,51759.5,1690,320.60,541820.5,-1560,490061,314.14,386.2,-112411,-602472
NSE,FNO,OPTIDX,NIFTY,28/04/2026,25800,CE,3250,458.26,1489348.25,1820,440.91,802460.75,1430,-686887.5,480.34,609.5,184697.5,871585
NSE,FNO,OPTIDX,NIFTY,28/04/2026,25800,PE,4615,516.44,2383351.75,6240,349.14,2178653.75,-1625,-204698,-125.97,405.75,-864041.75,-659343.75
NSE,FNO,OPTIDX,NIFTY,28/04/2026,25850,CE,585,385.12,225293.25,650,532.76,346294,-65,121000.75,1861.55,583.65,83063.5,-37937.25
NSE,FNO,OPTIDX,NIFTY,28/04/2026,25850,PE,1625,502.49,816546.25,1105,362.09,400104.25,520,-416442,800.85,431.05,-192296,224146
NSE,FNO,OPTIDX,NIFTY,28/04/2026,25900,CE,6435,493.60,3176312.75,3705,492.64,1825226,2730,-1351086.75,494.9,548.55,146454.75,1497541.5
NSE,FNO,OPTIDX,NIFTY,28/04/2026,25900,PE,8060,523.28,4217664.75,6630,381.32,2528162,1430,-1689502.75,1181.47,439.8,-1060588.75,628914
NSE,FNO,OPTIDX,NIFTY,28/04/2026,25950,CE,65,684.05,44463.25,585,487.95,285450.75,-520,240987.5,463.44,518.1,-28424.5,-269412
NSE,FNO,OPTIDX,NIFTY,28/04/2026,25950,PE,1105,508.49,561879.5,195,452.85,88305.75,910,-473573.75,520.41,460.2,-54791.75,418782
NSE,FNO,OPTIDX,NIFTY,28/04/2026,26000,CE,13390,514.96,6895297.5,18395,459.39,8450445.25,-5005,1555147.75,310.72,495.3,-923828.75,-2478976.5
NSE,FNO,OPTIDX,NIFTY,28/04/2026,26000,PE,11440,539.63,6173423.75,15730,418.00,6575127,-4290,401703.25,93.64,486.15,-1683880.25,-2085583.5
NSE,FNO,OPTIDX,NIFTY,28/04/2026,26050,CE,455,320.95,146032.25,1235,419.13,517621,-780,371588.75,476.4,470.7,4442.75,-367146
NSE,FNO,OPTIDX,NIFTY,28/04/2026,26050,PE,845,502.41,424537.75,130,384.58,49994.75,715,-374543,523.84,513,-7748,366795
NSE,FNO,OPTIDX,NIFTY,28/04/2026,26100,CE,4485,451.92,2026856,3640,385.78,1404250.25,845,-622605.75,736.81,434.95,-255073,367532.75
NSE,FNO,OPTIDX,NIFTY,28/04/2026,26100,PE,9620,536.23,5158543,1755,443.93,779093.25,7865,-4379449.75,556.83,525.25,-248358.5,4131091.25
NSE,FNO,OPTIDX,NIFTY,28/04/2026,26150,CE,260,457.68,118995.5,520,403.71,209930.5,-260,90935,349.75,395.8,-11973,-102908
NSE,FNO,OPTIDX,NIFTY,28/04/2026,26150,PE,520,538.65,280098,65,495.65,32217.25,455,-247880.75,544.79,612.35,30738.5,278619.25
NSE,FNO,OPTIDX,NIFTY,28/04/2026,26200,CE,5850,376.71,2203779.5,7410,324.01,2400879,-1560,197099.5,126.35,384.95,-403422.5,-600522
NSE,FNO,OPTIDX,NIFTY,28/04/2026,26200,PE,2210,531.58,1174780.75,195,468.42,91341.25,2015,-1083439.5,537.69,570.8,66722.5,1150162
NSE,FNO,OPTIDX,NIFTY,28/04/2026,26250,CE,65,390.40,25376,1170,354.62,414904.75,-1105,389528.75,352.51,384.95,-35841,-425369.75
NSE,FNO,OPTIDX,NIFTY,28/04/2026,26250,PE,2470,529.99,1309087,0,0.00,0,2470,-1309087,529.99,670.05,345936.5,1655023.5
NSE,FNO,OPTIDX,NIFTY,28/04/2026,26300,CE,3705,352.37,1305547.75,4550,308.94,1405670.5,-845,100122.75,118.49,339.65,-186881.5,-287004.25
NSE,FNO,OPTIDX,NIFTY,28/04/2026,26300,PE,9165,519.11,4757606.75,130,553.53,71958.25,9035,-4685648.5,518.61,627.25,981555.25,5667203.75
NSE,FNO,OPTIDX,NIFTY,28/04/2026,26350,CE,195,266.57,51980.5,1170,313.61,366928.25,-975,314947.75,323.02,346.5,-22889.75,-337837.5
NSE,FNO,OPTIDX,NIFTY,28/04/2026,26350,PE,195,482.40,94068,130,659.75,85767.5,65,-8300.5,127.7,730.6,39188.5,47489
NSE,FNO,OPTIDX,NIFTY,28/04/2026,26400,CE,4615,285.65,1318291,4745,284.70,1350917.75,-130,32626.75,250.98,297.15,-6002.75,-38629.5
NSE,FNO,OPTIDX,NIFTY,28/04/2026,26400,PE,1950,520.27,1014520,0,0.00,0,1950,-1014520,520.27,679.1,309725,1324245
NSE,FNO,OPTIDX,NIFTY,28/04/2026,26450,CE,1495,229.16,342592.25,2275,277.00,630181.5,-780,287589.25,368.7,310.9,45087.25,-242502
NSE,FNO,OPTIDX,NIFTY,28/04/2026,26500,CE,21580,270.44,5836119.25,22295,292.03,6510897.25,-715,674778,943.75,259.25,489414.25,-185363.75
NSE,FNO,OPTIDX,NIFTY,28/04/2026,26550,CE,3250,246.33,800569.25,3575,235.35,841363.25,-325,40794,125.52,239.85,-37157.25,-77951.25
NSE,FNO,OPTIDX,NIFTY,28/04/2026,26600,CE,7020,251.54,1765799.75,6110,245.93,1502634.25,910,-263165.5,289.19,221.55,-61555,201610.5
NSE,FNO,OPTIDX,NIFTY,28/04/2026,26650,CE,2405,169.53,407715.75,2340,186.01,435262.75,65,27547,-423.8,247.9,43660.5,16113.5
NSE,FNO,OPTIDX,NIFTY,28/04/2026,26700,CE,2795,178.00,497513.25,2080,201.58,419292.25,715,-78221,109.4,190.6,58058,136279
NSE,FNO,OPTIDX,NIFTY,28/04/2026,26750,CE,1885,157.98,297787.75,1365,200.97,274319.5,520,-23468.25,45.13,220.25,91061.75,114530
NSE,FNO,OPTIDX,NIFTY,28/04/2026,26800,CE,7540,167.44,1262485.25,6240,214.18,1336474.75,1300,73989.5,-56.92,163.2,286149.5,212160
NSE,FNO,OPTIDX,NIFTY,28/04/2026,26850,CE,1950,185.57,361864.75,1560,167.70,261615.25,390,-100249.5,257.05,195.05,-24180,76069.5
NSE,FNO,OPTIDX,NIFTY,28/04/2026,26900,CE,5265,139.30,733404.75,3900,164.61,641985.5,1365,-91419.25,66.97,139.7,99271.25,190690.5
NSE,FNO,OPTIDX,NIFTY,28/04/2026,26950,CE,975,135.28,131898,520,151.26,78656.5,455,-53241.5,117.01,172.2,25109.5,78351
NSE,FNO,OPTIDX,NIFTY,28/04/2026,27000,CE,28275,146.05,4129596.25,29965,153.42,4597229,-1690,467632.75,276.71,120.4,264156.75,-203476
NSE,FNO,OPTIDX,NIFTY,28/04/2026,27050,CE,3120,95.96,299406.25,2535,105.03,266246.5,585,-33159.75,56.68,109.65,30985.5,64145.25
NSE,FNO,OPTIDX,NIFTY,28/04/2026,27100,CE,15275,114.90,1755055.25,13845,96.80,1340147.25,1430,-414908,290.15,99.1,-273195,141713
NSE,FNO,OPTIDX,NIFTY,28/04/2026,27150,CE,2470,99.78,246454,2730,101.20,276272.75,-260,29818.75,114.69,91.05,6145.75,-23673
NSE,FNO,OPTIDX,NIFTY,28/04/2026,27300,CE,30940,82.42,2549943.5,31330,70.33,2203409,-390,-346534.5,-888.55,72.3,-374731.5,-28197
NSE,FNO,OPTIDX,NIFTY,28/04/2026,27350,CE,3120,66.75,208260,2795,62.09,173546.75,325,-34713.25,106.81,65.75,-13344.5,21368.75
NSE,FNO,OPTIDX,NIFTY,28/04/2026,27500,CE,21385,71.88,1537129.75,23855,72.56,1731034.5,-2470,193904.75,78.5,52.15,65094.25,-128810.5
NSE,FNO,OPTIDX,NIFTY,28/04/2026,27550,CE,10075,77.04,776174.75,11700,79.01,924433.25,-1625,148258.5,91.24,48.35,69689.75,-78568.75
NSE,FNO,OPTIDX,NIFTY,28/04/2026,27600,CE,585,50.27,29406,585,45.04,26351,0,-3055,0,42.95,-3055,0
NSE,FNO,FUTSTK,NTPC,24/02/2026,0,FF,12000,347.03,4164375,12000,347.65,4171800,0,7425,0,373.85,7425,0
NSE,FNO,FUTSTK,ONGC,24/02/2026,0,FF,2250,259.00,582750,2250,258.45,581512.5,0,-1237.5,0,275.25,-1237.5,0
NSE,FNO,FUTSTK,POWERGRID,24/02/2026,0,FF,11400,279.68,3188295,11400,282.60,3221640,0,33345,0,302.3,33345,0
NSE,FNO,FUTSTK,RELIANCE,24/02/2026,0,FF,7500,1381.23,10359200,7500,1381.85,10363850,0,4650,0,1425.4,4650,0
NSE,FNO,FUTSTK,SBIN,24/02/2026,0,FF,5250,1051.33,5519475,5250,1056.07,5544375,0,24900,0,1227.2,24900,0
NSE,FNO,OPTIDX,SENSEX,26/02/2026,80900,PE,20,124.80,2496,20,121.80,2436,0,-60,0,64.3,-60,0
NSE,FNO,OPTIDX,SENSEX,26/02/2026,81000,PE,80,133.11,10649,80,159.39,12751,0,2102,0,66.6,2102,0
NSE,FNO,OPTIDX,SENSEX,26/02/2026,81100,PE,880,144.99,127593,880,142.65,125532,0,-2061,0,72,-2061,0
NSE,FNO,OPTIDX,SENSEX,26/02/2026,81200,PE,1120,155.39,174041,1120,153.36,171766,0,-2275,0,75.85,-2275,0
NSE,FNO,OPTIDX,SENSEX,26/02/2026,81400,PE,240,178.42,42820,240,198.60,47663,0,4843,0,86.9,4843,0
NSE,FNO,OPTIDX,SENSEX,26/02/2026,81500,PE,80,87.81,7025,80,95.59,7647,0,622,0,89.8,622,0
NSE,FNO,OPTIDX,SENSEX,26/02/2026,81600,CE,1280,1498.95,1918655,1280,1505.91,1927564,0,8909,0,1775.1,8909,0
NSE,FNO,OPTIDX,SENSEX,26/02/2026,81600,PE,60,209.85,12591,60,219.85,13191,0,600,0,96.5,600,0
NSE,FNO,OPTIDX,SENSEX,26/02/2026,81700,PE,1120,232.56,260464,1120,244.32,273633,0,13169,0,104.75,13169,0
NSE,FNO,OPTIDX,SENSEX,26/02/2026,81900,PE,100,145.39,14539,100,147.93,14793,0,254,0,119.55,254,0
NSE,FNO,OPTIDX,SENSEX,26/02/2026,82000,PE,440,137.17,60355,440,168.83,74287,0,13932,0,132.05,13932,0
NSE,FNO,OPTIDX,SENSEX,26/02/2026,82100,PE,1460,161.86,236311,1460,164.64,240376,0,4065,0,143.35,4065,0
NSE,FNO,OPTIDX,SENSEX,26/02/2026,82200,PE,4260,183.85,783203,4260,172.27,733859,0,-49344,0,155,-49344,0
NSE,FNO,OPTIDX,SENSEX,26/02/2026,82300,PE,760,406.18,308694,760,434.88,330506,0,21812,0,170.8,21812,0
NSE,FNO,OPTIDX,SENSEX,26/02/2026,82400,CE,60,606.50,36390,60,580.22,34813,0,-1577,0,1096.95,-1577,0
NSE,FNO,OPTIDX,SENSEX,26/02/2026,82400,PE,1220,401.53,489866,1220,378.86,462212,0,-27654,0,186.3,-27654,0
NSE,FNO,OPTIDX,SENSEX,26/02/2026,82500,CE,180,560.12,100821,180,506.73,91212,0,-9609,0,1014.65,-9609,0
NSE,FNO,OPTIDX,SENSEX,26/02/2026,82500,PE,11100,247.34,2745489,11100,230.71,2560923,0,-184566,0,204.9,-184566,0
NSE,FNO,OPTIDX,SENSEX,26/02/2026,82600,CE,900,517.09,465383,900,454.92,409428,0,-55955,0,933.5,-55955,0
NSE,FNO,OPTIDX,SENSEX,26/02/2026,82600,PE,1500,361.76,542642,1500,425.94,638912,0,96270,0,225.05,96270,0
NSE,FNO,OPTIDX,SENSEX,26/02/2026,82700,CE,9380,736.14,6904963,9380,802.17,7524337,0,619374,0,861.15,619374,0
NSE,FNO,OPTIDX,SENSEX,26/02/2026,82700,PE,9400,360.42,3387956,9400,407.85,3833813,0,445857,0,248.75,445857,0
NSE,FNO,OPTIDX,SENSEX,26/02/2026,82800,CE,1020,542.84,553693,1020,423.57,432042,0,-121651,0,781.15,-121651,0
NSE,FNO,OPTIDX,SENSEX,26/02/2026,82800,PE,5240,543.66,2848782,5240,452.98,2373616,0,-475166,0,273.95,-475166,0
NSE,FNO,OPTIDX,SENSEX,26/02/2026,82900,CE,1560,583.31,909968,1560,443.24,691450,0,-218518,0,714.45,-218518,0
NSE,FNO,OPTIDX,SENSEX,26/02/2026,82900,PE,2680,308.82,827641,2680,385.31,1032641,0,205000,0,303.3,205000,0
NSE,FNO,OPTIDX,SENSEX,26/02/2026,83000,CE,1240,556.97,690637,1240,438.02,543140,0,-147497,0,644,-147497,0
NSE,FNO,OPTIDX,SENSEX,26/02/2026,83000,PE,3980,349.76,1392043,3980,400.71,1594831,0,202788,0,334.95,202788,0
NSE,FNO,OPTIDX,SENSEX,26/02/2026,83100,CE,1660,586.10,972927,1660,457.78,759918,0,-213009,0,579.5,-213009,0
NSE,FNO,OPTIDX,SENSEX,26/02/2026,83100,PE,5480,433.34,2374717,5480,392.31,2149846,0,-224871,0,370.45,-224871,0
NSE,FNO,OPTIDX,SENSEX,26/02/2026,83200,CE,5560,390.61,2171774,5560,460.48,2560274,0,388500,0,520.25,388500,0
NSE,FNO,OPTIDX,SENSEX,26/02/2026,83200,PE,2360,593.20,1399944,2360,577.37,1362598,0,-37346,0,409.55,-37346,0
NSE,FNO,OPTIDX,SENSEX,26/02/2026,83300,CE,3500,406.34,1422198,3500,427.24,1495351,0,73153,0,464.9,73153,0
NSE,FNO,OPTIDX,SENSEX,26/02/2026,83400,CE,4400,376.25,1655505,4400,393.05,1729421,0,73916,0,414,73916,0
NSE,FNO,OPTIDX,SENSEX,26/02/2026,83400,PE,80,440.09,35207,80,462.71,37017,0,1810,0,501.05,1810,0
NSE,FNO,OPTIDX,SENSEX,26/02/2026,83500,CE,3480,353.27,1229380,3480,392.27,1365098,0,135718,0,365.95,135718,0
NSE,FNO,OPTIDX,SENSEX,26/02/2026,83600,CE,2940,307.35,903604,2940,389.03,1143744,0,240140,0,321.9,240140,0
NSE,FNO,OPTIDX,SENSEX,26/02/2026,83700,CE,440,267.47,117688,440,371.74,163565,0,45877,0,281.4,45877,0
NSE,FNO,OPTIDX,SENSEX,26/02/2026,83800,CE,140,292.06,40888,140,289.50,40530,0,-358,0,245.95,-358,0
NSE,FNO,OPTIDX,SENSEX,26/02/2026,83900,CE,500,185.77,92887,500,140.21,70107,0,-22780,0,214,-22780,0
NSE,FNO,OPTIDX,SENSEX,26/02/2026,84000,CE,500,166.53,83264,500,126.50,63249,0,-20015,0,185.9,-20015,0
NSE,FNO,OPTIDX,SENSEX,26/02/2026,84100,CE,80,133.31,10665,80,135.46,10837,0,172,0,161.5,172,0
NSE,FNO,OPTIDX,SENSEX,26/02/2026,84200,CE,20,144.15,2883,20,177.00,3540,0,657,0,139.45,657,0
NSE,FNO,OPTIDX,SENSEX,26/02/2026,84300,CE,20,126.50,2530,20,154.10,3082,0,552,0,121.4,552,0
NSE,FNO,OPTIDX,SENSEX,26/02/2026,84400,CE,60,101.73,6104,60,103.08,6185,0,81,0,105.2,81,0
NSE,FNO,OPTIDX,SENSEX,26/02/2026,84500,CE,80,137.66,11013,80,127.74,10219,0,-794,0,90.8,-794,0
NSE,FNO,OPTIDX,SENSEX,26/02/2026,84600,CE,80,120.09,9607,80,114.71,9177,0,-430,0,79.75,-430,0
NSE,FNO,FUTSTK,SHRIRAMFIN,24/02/2026,0,FF,3300,996.35,3287955,3300,1000.18,3300577.5,0,12622.5,0,1063.7,12622.5,0
NSE,FNO,FUTSTK,SUNPHARMA,24/02/2026,0,FF,2450,1615.53,3958045,2450,1615.20,3957240,0,-805,0,1726.3,-805,0
NSE,FNO,FUTSTK,TATACONSUM,24/02/2026,0,FF,1100,1159.20,1275120,1100,1156.70,1272370,0,-2750,0,1170.2,-2750,0
NSE,FNO,FUTSTK,TATASTEEL,24/02/2026,0,FF,22000,202.22,4448895,22000,205.00,4510055,0,61160,0,208.07,61160,0
NSE,FNO,FUTSTK,TCS,24/02/2026,0,FF,8575,2968.64,25456112.5,8575,2971.50,25480595,0,24482.5,0,2671.8,24482.5,0
NSE,FNO,FUTSTK,TECHM,24/02/2026,0,FF,9000,1602.25,14420220,9000,1600.01,14400060,0,-20160,0,1445.4,-20160,0
NSE,FNO,FUTSTK,TITAN,24/02/2026,0,FF,1575,4107.20,6468840,1575,4104.14,6464027.5,0,-4812.5,0,4270.6,-4812.5,0
NSE,FNO,FUTSTK,TRENT,24/02/2026,0,FF,1400,4114.31,5760030,1400,4084.40,5718160,0,-41870,0,4045.2,-41870,0
NSE,FNO,FUTSTK,ULTRACEMCO,24/02/2026,0,FF,100,12528.00,1252800,100,12524.00,1252400,0,-400,0,12948,-400,0
NSE,FNO,FUTSTK,WIPRO,24/02/2026,0,FF,90000,235.16,21163980,90000,234.87,21138390,0,-25590,0,205.83,-25590,0
Total,,,,,,,,,1810219147,,,1839303401,,29084253.95,,,12150130.7,
,,,,,,,,,,,,,,,,,,
Disclaimer :- This report has been prepared based only on the transactions (both buy and sell legs) executed by you in derivative segment through us as your broker for the relevant report period. This report does not include transactions conducted with any other,,,,,,,,,,,,,,,,,,
"broker(s), contracts not purchased through us. The report may show negative quantities, which could result from the short sell transactions executed by you with us or from the sale of contracts for which purchase transactions executed with us occurred",,,,,,,,,,,,,,,,,,
"before the report date. Due to these and other scenarios, the P &L column cannot be relied upon. You should consult your own qualified accountant to compute and audit your P &L for any purpose, considering contract notes /bills and other documents",,,,,,,,,,,,,,,,,,
provided to you from time to time as per the rules and regulations of exchange(s). ZANSKAR SECURITIES PRIVATE LIMITED or its employees/directors/authorized persons shall not be held accountable for any inaccuracies in this report.,,,,,,,,,,,,,,,,,,